Type,Subject,Skill,Taught in year,Level (1-5),Item,Question or text,Choices,Correct answer,Explanation,Reviewer: OK? (Y/N),Reviewer: notes
Question (generated example),maths,Number Sense,1,1,number-sense:What number comes after 5?,What number comes after 5?,,6,"Counting up: 5, 6.",,
Question (generated example),maths,Number Sense,1,1,number-sense:What number comes after 2?,What number comes after 2?,,3,"Counting up: 2, 3.",,
Question (generated example),maths,Number Sense,1,1,number-sense:What number comes after 8?,What number comes after 8?,,9,"Counting up: 8, 9.",,
Question (generated example),maths,Number Sense,1,2,number-sense:What number comes after 19?,What number comes after 19?,,20,"Counting up: 19, 20.",,
Question (generated example),maths,Number Sense,1,2,number-sense:What number comes after 13?,What number comes after 13?,,14,"Counting up: 13, 14.",,
Question (generated example),maths,Number Sense,1,2,number-sense:What number comes after 17?,What number comes after 17?,,18,"Counting up: 17, 18.",,
Question (generated example),maths,Number Sense,1,3,number-sense:Which number is bigger?,Which number is bigger?,26 | 21,26,"26 is bigger. Compare the tens first, then the ones.",,
Question (generated example),maths,Number Sense,1,3,number-sense:Which number is bigger?,Which number is bigger?,51 | 67,67,"67 is bigger. Compare the tens first, then the ones.",,
Question (generated example),maths,Number Sense,1,3,number-sense:Which number is bigger?,Which number is bigger?,29 | 84,84,"84 is bigger. Compare the tens first, then the ones.",,
Question (generated example),maths,Number Sense,1,4,"number-sense:Count by 5s: 0, 5, 10, __","Count by 5s: 0, 5, 10, __",,15,Each number is 5 more than the one before: 10 + 5 = 15.,,
Question (generated example),maths,Number Sense,1,4,"number-sense:Count by 10s: 10, 20, 30, __","Count by 10s: 10, 20, 30, __",,40,Each number is 10 more than the one before: 30 + 10 = 40.,,
Question (generated example),maths,Number Sense,1,4,"number-sense:Count by 5s: 25, 30, 35, __","Count by 5s: 25, 30, 35, __",,40,Each number is 5 more than the one before: 35 + 5 = 40.,,
Question (generated example),maths,Number Sense,1,5,"number-sense:Count back by 3s: 23, 20, 17, __","Count back by 3s: 23, 20, 17, __",,14,Each number is 3 less than the one before: 17 − 3 = 14.,,
Question (generated example),maths,Number Sense,1,5,"number-sense:Count back by 6s: 54, 48, 42, __","Count back by 6s: 54, 48, 42, __",,36,Each number is 6 less than the one before: 42 − 6 = 36.,,
Question (generated example),maths,Number Sense,1,5,"number-sense:Count back by 6s: 55, 49, 43, __","Count back by 6s: 55, 49, 43, __",,37,Each number is 6 less than the one before: 43 − 6 = 37.,,
Question (generated example),maths,Addition,1,1,addition:7 + 3 = ?,7 + 3 = ?,,10,Start at 7 and count on 3: 10.,,
Question (generated example),maths,Addition,1,1,addition:1 + 8 = ?,1 + 8 = ?,,9,Start at 1 and count on 8: 9.,,
Question (generated example),maths,Addition,1,1,addition:2 + 1 = ?,2 + 1 = ?,,3,Start at 2 and count on 1: 3.,,
Question (generated example),maths,Addition,1,2,addition:4 + 9 = ?,4 + 9 = ?,,13,Start at 4 and count on 9: 13.,,
Question (generated example),maths,Addition,1,2,addition:2 + 9 = ?,2 + 9 = ?,,11,Start at 2 and count on 9: 11.,,
Question (generated example),maths,Addition,1,2,addition:4 + 8 = ?,4 + 8 = ?,,12,Start at 4 and count on 8: 12.,,
Question (generated example),maths,Addition,1,3,addition:63 + 24 = ?,63 + 24 = ?,,87,Add the ones first: 3 + 4 = 7. Then add the rest: 63 + 24 = 87.,,
Question (generated example),maths,Addition,1,3,addition:43 + 51 = ?,43 + 51 = ?,,94,Add the ones first: 3 + 1 = 4. Then add the rest: 43 + 51 = 94.,,
Question (generated example),maths,Addition,1,3,addition:34 + 22 = ?,34 + 22 = ?,,56,Add the ones first: 4 + 2 = 6. Then add the rest: 34 + 22 = 56.,,
Question (generated example),maths,Addition,1,4,addition:28 + 35 = ?,28 + 35 = ?,,63,"Add the ones first: 8 + 5 = 13. That makes 13, so write 3 and carry 1. Then add the rest: 28 + 35 = 63.",,
Question (generated example),maths,Addition,1,4,addition:18 + 52 = ?,18 + 52 = ?,,70,"Add the ones first: 8 + 2 = 10. That makes 10, so write 0 and carry 1. Then add the rest: 18 + 52 = 70.",,
Question (generated example),maths,Addition,1,4,addition:36 + 49 = ?,36 + 49 = ?,,85,"Add the ones first: 6 + 9 = 15. That makes 15, so write 5 and carry 1. Then add the rest: 36 + 49 = 85.",,
Question (generated example),maths,Addition,1,5,addition:856 + 115 = ?,856 + 115 = ?,,971,"Add the ones first: 6 + 5 = 11. That makes 11, so write 1 and carry 1. Then add the rest: 856 + 115 = 971.",,
Question (generated example),maths,Addition,1,5,addition:165 + 767 = ?,165 + 767 = ?,,932,"Add the ones first: 5 + 7 = 12. That makes 12, so write 2 and carry 1. Then add the rest: 165 + 767 = 932.",,
Question (generated example),maths,Addition,1,5,addition:729 + 110 = ?,729 + 110 = ?,,839,Add the ones first: 9 + 0 = 9. Then add the rest: 729 + 110 = 839.,,
Question (generated example),maths,Subtraction,2,1,subtraction:7 − 7 = ?,7 − 7 = ?,,0,Start at 7 and count back 7: 0. Check: 0 + 7 = 7.,,
Question (generated example),maths,Subtraction,2,1,subtraction:4 − 3 = ?,4 − 3 = ?,,1,Start at 4 and count back 3: 1. Check: 1 + 3 = 4.,,
Question (generated example),maths,Subtraction,2,1,subtraction:4 − 4 = ?,4 − 4 = ?,,0,Start at 4 and count back 4: 0. Check: 0 + 4 = 4.,,
Question (generated example),maths,Subtraction,2,2,subtraction:13 − 8 = ?,13 − 8 = ?,,5,Start at 13 and count back 8: 5. Check: 5 + 8 = 13.,,
Question (generated example),maths,Subtraction,2,2,subtraction:13 − 7 = ?,13 − 7 = ?,,6,Start at 13 and count back 7: 6. Check: 6 + 7 = 13.,,
Question (generated example),maths,Subtraction,2,2,subtraction:12 − 7 = ?,12 − 7 = ?,,5,Start at 12 and count back 7: 5. Check: 5 + 7 = 12.,,
Question (generated example),maths,Subtraction,2,3,subtraction:33 − 13 = ?,33 − 13 = ?,,20,33 − 13 = 20. Check by adding back: 20 + 13 = 33.,,
Question (generated example),maths,Subtraction,2,3,subtraction:78 − 68 = ?,78 − 68 = ?,,10,78 − 68 = 10. Check by adding back: 10 + 68 = 78.,,
Question (generated example),maths,Subtraction,2,3,subtraction:41 − 40 = ?,41 − 40 = ?,,1,41 − 40 = 1. Check by adding back: 1 + 40 = 41.,,
Question (generated example),maths,Subtraction,2,4,subtraction:62 − 35 = ?,62 − 35 = ?,,27,62 − 35 = 27. Check by adding back: 27 + 35 = 62.,,
Question (generated example),maths,Subtraction,2,4,subtraction:57 − 18 = ?,57 − 18 = ?,,39,57 − 18 = 39. Check by adding back: 39 + 18 = 57.,,
Question (generated example),maths,Subtraction,2,4,subtraction:97 − 69 = ?,97 − 69 = ?,,28,97 − 69 = 28. Check by adding back: 28 + 69 = 97.,,
Question (generated example),maths,Subtraction,2,5,subtraction:806 − 158 = ?,806 − 158 = ?,,648,806 − 158 = 648. Check by adding back: 648 + 158 = 806.,,
Question (generated example),maths,Subtraction,2,5,subtraction:626 − 200 = ?,626 − 200 = ?,,426,626 − 200 = 426. Check by adding back: 426 + 200 = 626.,,
Question (generated example),maths,Subtraction,2,5,subtraction:633 − 249 = ?,633 − 249 = ?,,384,633 − 249 = 384. Check by adding back: 384 + 249 = 633.,,
Question (generated example),maths,Place Value,2,1,place-value:What digit is in the tens place of 64?,What digit is in the tens place of 64?,,6,64 is 6 tens and 4 ones.,,
Question (generated example),maths,Place Value,2,1,place-value:What digit is in the tens place of 93?,What digit is in the tens place of 93?,,9,93 is 9 tens and 3 ones.,,
Question (generated example),maths,Place Value,2,1,place-value:What digit is in the tens place of 32?,What digit is in the tens place of 32?,,3,32 is 3 tens and 2 ones.,,
Question (generated example),maths,Place Value,2,2,place-value:What digit is in the hundreds place of 726?,What digit is in the hundreds place of 726?,,7,"726 is 7 hundreds, 2 tens and 6 ones.",,
Question (generated example),maths,Place Value,2,2,place-value:What digit is in the hundreds place of 308?,What digit is in the hundreds place of 308?,,3,"308 is 3 hundreds, 0 tens and 8 ones.",,
Question (generated example),maths,Place Value,2,2,place-value:What digit is in the hundreds place of 968?,What digit is in the hundreds place of 968?,,9,"968 is 9 hundreds, 6 tens and 8 ones.",,
Question (generated example),maths,Place Value,2,3,place-value:Round 39 to the nearest 10.,Round 39 to the nearest 10.,,40,"Look at the ones digit (9). 5 or more rounds up, 4 or less rounds down, so 39 → 40.",,
Question (generated example),maths,Place Value,2,3,place-value:Round 80 to the nearest 10.,Round 80 to the nearest 10.,,80,"Look at the ones digit (0). 5 or more rounds up, 4 or less rounds down, so 80 → 80.",,
Question (generated example),maths,Place Value,2,3,place-value:Round 37 to the nearest 10.,Round 37 to the nearest 10.,,40,"Look at the ones digit (7). 5 or more rounds up, 4 or less rounds down, so 37 → 40.",,
Question (generated example),maths,Place Value,2,4,place-value:Round 547 to the nearest 100.,Round 547 to the nearest 100.,,500,"Look at the tens digit (4). 5 or more rounds up, 4 or less rounds down, so 547 → 500.",,
Question (generated example),maths,Place Value,2,4,place-value:Round 277 to the nearest 100.,Round 277 to the nearest 100.,,300,"Look at the tens digit (7). 5 or more rounds up, 4 or less rounds down, so 277 → 300.",,
Question (generated example),maths,Place Value,2,4,place-value:Round 684 to the nearest 100.,Round 684 to the nearest 100.,,700,"Look at the tens digit (8). 5 or more rounds up, 4 or less rounds down, so 684 → 700.",,
Question (generated example),maths,Place Value,2,5,"place-value:What is the value of the digit 8 in 3,286?","What is the value of the digit 8 in 3,286?",,80,"The 8 is in the tens place, so it is worth 80.",,
Question (generated example),maths,Place Value,2,5,"place-value:What is the value of the digit 3 in 7,930?","What is the value of the digit 3 in 7,930?",,30,"The 3 is in the tens place, so it is worth 30.",,
Question (generated example),maths,Place Value,2,5,"place-value:What is the value of the digit 5 in 7,524?","What is the value of the digit 5 in 7,524?",,500,"The 5 is in the hundreds place, so it is worth 500.",,
Question (generated example),maths,Multiplication,3,1,multiplication:10 × 10 = ?,10 × 10 = ?,,100,"10 × 10 means 10 groups of 10, which is 100.",,
Question (generated example),maths,Multiplication,3,1,multiplication:5 × 10 = ?,5 × 10 = ?,,50,"5 × 10 means 10 groups of 5, which is 50.",,
Question (generated example),maths,Multiplication,3,1,multiplication:10 × 9 = ?,10 × 9 = ?,,90,"10 × 9 means 9 groups of 10, which is 90.",,
Question (generated example),maths,Multiplication,3,2,multiplication:3 × 5 = ?,3 × 5 = ?,,15,"3 × 5 means 5 groups of 3, which is 15.",,
Question (generated example),maths,Multiplication,3,2,multiplication:3 × 4 = ?,3 × 4 = ?,,12,"3 × 4 means 4 groups of 3, which is 12.",,
Question (generated example),maths,Multiplication,3,2,multiplication:3 × 5 = ?,3 × 5 = ?,,15,"3 × 5 means 5 groups of 3, which is 15.",,
Question (generated example),maths,Multiplication,3,3,multiplication:8 × 10 = ?,8 × 10 = ?,,80,"8 × 10 means 10 groups of 8, which is 80.",,
Question (generated example),maths,Multiplication,3,3,multiplication:2 × 2 = ?,2 × 2 = ?,,4,"2 × 2 means 2 groups of 2, which is 4.",,
Question (generated example),maths,Multiplication,3,3,multiplication:7 × 7 = ?,7 × 7 = ?,,49,"7 × 7 means 7 groups of 7, which is 49.",,
Question (generated example),maths,Multiplication,3,4,multiplication:10 × 10 = ?,10 × 10 = ?,,100,"10 × 10 means 10 groups of 10, which is 100.",,
Question (generated example),maths,Multiplication,3,4,multiplication:6 × 6 = ?,6 × 6 = ?,,36,"6 × 6 means 6 groups of 6, which is 36.",,
Question (generated example),maths,Multiplication,3,4,multiplication:9 × 7 = ?,9 × 7 = ?,,63,"9 × 7 means 7 groups of 9, which is 63.",,
Question (generated example),maths,Multiplication,3,5,multiplication:50 × 4 = ?,50 × 4 = ?,,200,"Split it up: 50 × 4 = 200, and 0 × 4 = 0. Together: 200.",,
Question (generated example),maths,Multiplication,3,5,multiplication:99 × 3 = ?,99 × 3 = ?,,297,"Split it up: 90 × 3 = 270, and 9 × 3 = 27. Together: 297.",,
Question (generated example),maths,Multiplication,3,5,multiplication:71 × 4 = ?,71 × 4 = ?,,284,"Split it up: 70 × 4 = 280, and 1 × 4 = 4. Together: 284.",,
Question (generated example),maths,Division,3,1,division:100 ÷ 10 = ?,100 ÷ 10 = ?,,10,"Think: what times 10 makes 100? 10 × 10 = 100, so the answer is 10.",,
Question (generated example),maths,Division,3,1,division:16 ÷ 2 = ?,16 ÷ 2 = ?,,8,"Think: what times 2 makes 16? 8 × 2 = 16, so the answer is 8.",,
Question (generated example),maths,Division,3,1,division:2 ÷ 2 = ?,2 ÷ 2 = ?,,1,"Think: what times 2 makes 2? 1 × 2 = 2, so the answer is 1.",,
Question (generated example),maths,Division,3,2,division:24 ÷ 3 = ?,24 ÷ 3 = ?,,8,"Think: what times 3 makes 24? 8 × 3 = 24, so the answer is 8.",,
Question (generated example),maths,Division,3,2,division:21 ÷ 3 = ?,21 ÷ 3 = ?,,7,"Think: what times 3 makes 21? 7 × 3 = 21, so the answer is 7.",,
Question (generated example),maths,Division,3,2,division:15 ÷ 3 = ?,15 ÷ 3 = ?,,5,"Think: what times 3 makes 15? 5 × 3 = 15, so the answer is 5.",,
Question (generated example),maths,Division,3,3,division:35 ÷ 5 = ?,35 ÷ 5 = ?,,7,"Think: what times 5 makes 35? 7 × 5 = 35, so the answer is 7.",,
Question (generated example),maths,Division,3,3,division:56 ÷ 8 = ?,56 ÷ 8 = ?,,7,"Think: what times 8 makes 56? 7 × 8 = 56, so the answer is 7.",,
Question (generated example),maths,Division,3,3,division:15 ÷ 5 = ?,15 ÷ 5 = ?,,3,"Think: what times 5 makes 15? 3 × 5 = 15, so the answer is 3.",,
Question (generated example),maths,Division,3,4,division:108 ÷ 9 = ?,108 ÷ 9 = ?,,12,"Think: what times 9 makes 108? 12 × 9 = 108, so the answer is 12.",,
Question (generated example),maths,Division,3,4,division:72 ÷ 9 = ?,72 ÷ 9 = ?,,8,"Think: what times 9 makes 72? 8 × 9 = 72, so the answer is 8.",,
Question (generated example),maths,Division,3,4,division:64 ÷ 8 = ?,64 ÷ 8 = ?,,8,"Think: what times 8 makes 64? 8 × 8 = 64, so the answer is 8.",,
Question (generated example),maths,Division,3,5,division:160 ÷ 8 = ?,160 ÷ 8 = ?,,20,"Think: what times 8 makes 160? 20 × 8 = 160, so the answer is 20.",,
Question (generated example),maths,Division,3,5,division:57 ÷ 3 = ?,57 ÷ 3 = ?,,19,"Think: what times 3 makes 57? 19 × 3 = 57, so the answer is 19.",,
Question (generated example),maths,Division,3,5,division:88 ÷ 8 = ?,88 ÷ 8 = ?,,11,"Think: what times 8 makes 88? 11 × 8 = 88, so the answer is 11.",,
Question (generated example),maths,Fractions,4,1,fractions:What is half of 6?,What is half of 6?,,3,Half means split into 2 equal parts: 6 ÷ 2 = 3.,,
Question (generated example),maths,Fractions,4,1,fractions:What is half of 14?,What is half of 14?,,7,Half means split into 2 equal parts: 14 ÷ 2 = 7.,,
Question (generated example),maths,Fractions,4,1,fractions:What is half of 18?,What is half of 18?,,9,Half means split into 2 equal parts: 18 ÷ 2 = 9.,,
Question (generated example),maths,Fractions,4,2,fractions:What is 1/4 of 20?,What is 1/4 of 20?,,5,1/4 means split into 4 equal parts: 20 ÷ 4 = 5.,,
Question (generated example),maths,Fractions,4,2,fractions:What is 1/4 of 24?,What is 1/4 of 24?,,6,1/4 means split into 4 equal parts: 24 ÷ 4 = 6.,,
Question (generated example),maths,Fractions,4,2,fractions:What is 1/3 of 21?,What is 1/3 of 21?,,7,1/3 means split into 3 equal parts: 21 ÷ 3 = 7.,,
Question (generated example),maths,Fractions,4,3,fractions:What is 2/6 of 30?,What is 2/6 of 30?,,10,First find 1/6: 30 ÷ 6 = 5. Then take 2 of those parts: 5 × 2 = 10.,,
Question (generated example),maths,Fractions,4,3,fractions:What is 2/3 of 15?,What is 2/3 of 15?,,10,First find 1/3: 15 ÷ 3 = 5. Then take 2 of those parts: 5 × 2 = 10.,,
Question (generated example),maths,Fractions,4,3,fractions:What is 2/3 of 18?,What is 2/3 of 18?,,12,First find 1/3: 18 ÷ 3 = 6. Then take 2 of those parts: 6 × 2 = 12.,,
Question (generated example),maths,Fractions,4,4,fractions:Which fraction is bigger?,Which fraction is bigger?,1/10 | 8/10,8/10,"Both are split into 10 parts, so the one with more parts (8/10) is bigger.",,
Question (generated example),maths,Fractions,4,4,fractions:Which fraction is bigger?,Which fraction is bigger?,2/8 | 6/8,6/8,"Both are split into 8 parts, so the one with more parts (6/8) is bigger.",,
Question (generated example),maths,Fractions,4,4,fractions:Which fraction is bigger?,Which fraction is bigger?,1/3 | 1/8,1/3,"With 1 part each, fewer pieces means bigger pieces, so 1/3 is bigger.",,
Question (generated example),maths,Fractions,4,5,fractions:2/7 + 2/7 = ?  (write it like 3/4),2/7 + 2/7 = ?  (write it like 3/4),,4/7,"The bottoms match, so add the tops: 2 + 2 = 4, giving 4/7.",,
Question (generated example),maths,Fractions,4,5,fractions:4/10 + 5/10 = ?  (write it like 3/4),4/10 + 5/10 = ?  (write it like 3/4),,9/10,"The bottoms match, so add the tops: 4 + 5 = 9, giving 9/10.",,
Question (generated example),maths,Fractions,4,5,fractions:2/8 + 4/8 = ?  (write it like 3/4),2/8 + 4/8 = ?  (write it like 3/4),,3/4,"The bottoms match, so add the tops: 2 + 4 = 6, giving 6/8. That simplifies to 3/4.",,
Question (generated example),maths,Negative Numbers,6,1,negative-numbers:What is 3 − 5?,What is 3 − 5?,,−2,Start at 3 and count back 5. You pass 0 and land on −2.,,
Question (generated example),maths,Negative Numbers,6,1,negative-numbers:What is 3 − 8?,What is 3 − 8?,,−5,Start at 3 and count back 8. You pass 0 and land on −5.,,
Question (generated example),maths,Negative Numbers,6,1,negative-numbers:What is 1 − 7?,What is 1 − 7?,,−6,Start at 1 and count back 7. You pass 0 and land on −6.,,
Question (generated example),maths,Negative Numbers,6,2,negative-numbers:The temperature is −3 °C. It rises by 11 °C. What is the temperature now?,The temperature is −3 °C. It rises by 11 °C. What is the temperature now?,,8,Count up 11 from −3: −3 + 11 = 8 °C.,,
Question (generated example),maths,Negative Numbers,6,2,negative-numbers:The temperature is −7 °C. It rises by 6 °C. What is the temperature now?,The temperature is −7 °C. It rises by 6 °C. What is the temperature now?,,−1,Count up 6 from −7: −7 + 6 = −1 °C.,,
Question (generated example),maths,Negative Numbers,6,2,negative-numbers:The temperature is −7 °C. It rises by 9 °C. What is the temperature now?,The temperature is −7 °C. It rises by 9 °C. What is the temperature now?,,2,Count up 9 from −7: −7 + 9 = 2 °C.,,
Question (generated example),maths,Negative Numbers,6,3,negative-numbers:What is the difference between −3 °C and 2 °C?,What is the difference between −3 °C and 2 °C?,,5,"From −3 up to 0 is 3, then 0 up to 2 is 2. Together: 3 + 2 = 5.",,
Question (generated example),maths,Negative Numbers,6,3,negative-numbers:What is the difference between −9 °C and 3 °C?,What is the difference between −9 °C and 3 °C?,,12,"From −9 up to 0 is 9, then 0 up to 3 is 3. Together: 9 + 3 = 12.",,
Question (generated example),maths,Negative Numbers,6,3,negative-numbers:What is the difference between −5 °C and 12 °C?,What is the difference between −5 °C and 12 °C?,,17,"From −5 up to 0 is 5, then 0 up to 12 is 12. Together: 5 + 12 = 17.",,
Question (generated example),maths,Negative Numbers,6,4,negative-numbers:What is −7 + 5?,What is −7 + 5?,,−2,Start at −7 and count up 5: −2.,,
Question (generated example),maths,Negative Numbers,6,4,negative-numbers:What is 10 − 26?,What is 10 − 26?,,−16,"26 is 16 more than 10, so 10 − 26 = −16.",,
Question (generated example),maths,Negative Numbers,6,4,negative-numbers:What is 13 − 29?,What is 13 − 29?,,−16,"29 is 16 more than 13, so 13 − 29 = −16.",,
Question (generated example),maths,Negative Numbers,6,5,negative-numbers:A submarine is at −116 m (below sea level). It rises 157 m. What is its new position in metres?,A submarine is at −116 m (below sea level). It rises 157 m. What is its new position in metres?,,41,−116 + 157 = 41 m.,,
Question (generated example),maths,Negative Numbers,6,5,negative-numbers:A submarine is at −99 m (below sea level). It rises 150 m. What is its new position in metres?,A submarine is at −99 m (below sea level). It rises 150 m. What is its new position in metres?,,51,−99 + 150 = 51 m.,,
Question (generated example),maths,Negative Numbers,6,5,negative-numbers:A freezer is at −20 °C and the kitchen is 20 °C. How many degrees warmer is the kitchen?,A freezer is at −20 °C and the kitchen is 20 °C. How many degrees warmer is the kitchen?,,40,"From −20 to 0 is 20, and from 0 to 20 is 20: 20 + 20 = 40 degrees.",,
Question (generated example),maths,"Factors, Multiples & Primes",6,1,factors-primes:What is the next prime number after 18?,What is the next prime number after 18?,,19,A prime number has exactly two factors: 1 and itself. The next one after 18 is 19.,,
Question (generated example),maths,"Factors, Multiples & Primes",6,1,factors-primes:What is the next prime number after 20?,What is the next prime number after 20?,,23,"A prime number has exactly two factors: 1 and itself. The next one after 20 is 23 (21, 22 are not prime).",,
Question (generated example),maths,"Factors, Multiples & Primes",6,1,factors-primes:What is the next prime number after 9?,What is the next prime number after 9?,,11,A prime number has exactly two factors: 1 and itself. The next one after 9 is 11 (10 is not prime).,,
Question (generated example),maths,"Factors, Multiples & Primes",6,2,factors-primes:How many factors does 38 have?,How many factors does 38 have?,,4,"The factors of 38 are 1, 2, 19, 38. That is 4 factors.",,
Question (generated example),maths,"Factors, Multiples & Primes",6,2,factors-primes:How many factors does 36 have?,How many factors does 36 have?,,9,"The factors of 36 are 1, 2, 3, 4, 6, 9, 12, 18, 36. That is 9 factors.",,
Question (generated example),maths,"Factors, Multiples & Primes",6,2,factors-primes:How many factors does 37 have?,How many factors does 37 have?,,2,"The factors of 37 are 1, 37. That is 2 factors.",,
Question (generated example),maths,"Factors, Multiples & Primes",6,3,factors-primes:What is the highest common factor (HCF) of 6 and 2?,What is the highest common factor (HCF) of 6 and 2?,,2,"Factors of 6: 1, 2, 3, 6. Factors of 2: 1, 2. The highest one in both lists is 2.",,
Question (generated example),maths,"Factors, Multiples & Primes",6,3,factors-primes:What is the highest common factor (HCF) of 12 and 20?,What is the highest common factor (HCF) of 12 and 20?,,4,"Factors of 12: 1, 2, 3, 4, 6, 12. Factors of 20: 1, 2, 4, 5, 10, 20. The highest one in both lists is 4.",,
Question (generated example),maths,"Factors, Multiples & Primes",6,3,factors-primes:What is the highest common factor (HCF) of 8 and 32?,What is the highest common factor (HCF) of 8 and 32?,,8,"Factors of 8: 1, 2, 4, 8. Factors of 32: 1, 2, 4, 8, 16, 32. The highest one in both lists is 8.",,
Question (generated example),maths,"Factors, Multiples & Primes",6,4,factors-primes:What is the lowest common multiple (LCM) of 8 and 9?,What is the lowest common multiple (LCM) of 8 and 9?,,72,"Multiples of 8: 8, 16, 24, 32, 40, 48, 56, 64, 72. Multiples of 9: 9, 18, 27, 36, 45, 54, 63, 72. The first one in both lists is 72.",,
Question (generated example),maths,"Factors, Multiples & Primes",6,4,factors-primes:What is the lowest common multiple (LCM) of 9 and 2?,What is the lowest common multiple (LCM) of 9 and 2?,,18,"Multiples of 9: 9, 18. Multiples of 2: 2, 4, 6, 8, 10, 12, 14, 16, 18. The first one in both lists is 18.",,
Question (generated example),maths,"Factors, Multiples & Primes",6,4,factors-primes:What is the lowest common multiple (LCM) of 2 and 7?,What is the lowest common multiple (LCM) of 2 and 7?,,14,"Multiples of 2: 2, 4, 6, 8, 10, 12, 14. Multiples of 7: 7, 14. The first one in both lists is 14.",,
Question (generated example),maths,"Factors, Multiples & Primes",6,5,factors-primes:What is the next prime number after 61?,What is the next prime number after 61?,,67,"A prime number has exactly two factors: 1 and itself. The next one after 61 is 67 (62, 63, 64, 65, 66 are not prime).",,
Question (generated example),maths,"Factors, Multiples & Primes",6,5,factors-primes:What is the next prime number after 100?,What is the next prime number after 100?,,101,A prime number has exactly two factors: 1 and itself. The next one after 100 is 101.,,
Question (generated example),maths,"Factors, Multiples & Primes",6,5,factors-primes:What is the next prime number after 78?,What is the next prime number after 78?,,79,A prime number has exactly two factors: 1 and itself. The next one after 78 is 79.,,
Question (generated example),maths,Order of Operations,6,1,order-of-operations:6 + 5 × 6 = ?,6 + 5 × 6 = ?,,36,"Brackets first, then × and ÷, then + and −. 5 × 6 = 30, then 6 + 30 = 36.",,
Question (generated example),maths,Order of Operations,6,1,order-of-operations:17 + 8 × 2 = ?,17 + 8 × 2 = ?,,33,"Brackets first, then × and ÷, then + and −. 8 × 2 = 16, then 17 + 16 = 33.",,
Question (generated example),maths,Order of Operations,6,1,order-of-operations:19 + 9 × 5 = ?,19 + 9 × 5 = ?,,64,"Brackets first, then × and ÷, then + and −. 9 × 5 = 45, then 19 + 45 = 64.",,
Question (generated example),maths,Order of Operations,6,2,order-of-operations:28 + 12 ÷ 4 = ?,28 + 12 ÷ 4 = ?,,31,"Brackets first, then × and ÷, then + and −. 12 ÷ 4 = 3, then 28 + 3 = 31.",,
Question (generated example),maths,Order of Operations,6,2,order-of-operations:13 + 24 ÷ 8 = ?,13 + 24 ÷ 8 = ?,,16,"Brackets first, then × and ÷, then + and −. 24 ÷ 8 = 3, then 13 + 3 = 16.",,
Question (generated example),maths,Order of Operations,6,2,order-of-operations:2 × 2 − 2 = ?,2 × 2 − 2 = ?,,2,"Brackets first, then × and ÷, then + and −. 2 × 2 = 4, then 4 − 2 = 2.",,
Question (generated example),maths,Order of Operations,6,3,order-of-operations:(14 − 3) × 8 = ?,(14 − 3) × 8 = ?,,88,"Brackets first, then × and ÷, then + and −. 14 − 3 = 11, then 11 × 8 = 88.",,
Question (generated example),maths,Order of Operations,6,3,order-of-operations:(9 − 7) × 3 = ?,(9 − 7) × 3 = ?,,6,"Brackets first, then × and ÷, then + and −. 9 − 7 = 2, then 2 × 3 = 6.",,
Question (generated example),maths,Order of Operations,6,3,order-of-operations:(20 − 8) × 6 = ?,(20 − 8) × 6 = ?,,72,"Brackets first, then × and ÷, then + and −. 20 − 8 = 12, then 12 × 6 = 72.",,
Question (generated example),maths,Order of Operations,6,4,order-of-operations:5 × (5 − 3) + 5 = ?,5 × (5 − 3) + 5 = ?,,15,"Brackets first, then × and ÷, then + and −. 5 − 3 = 2, then 5 × 2 = 10, then + 5 = 15.",,
Question (generated example),maths,Order of Operations,6,4,order-of-operations:2 × (9 − 1) + 9 = ?,2 × (9 − 1) + 9 = ?,,25,"Brackets first, then × and ÷, then + and −. 9 − 1 = 8, then 2 × 8 = 16, then + 9 = 25.",,
Question (generated example),maths,Order of Operations,6,4,order-of-operations:9 × (5 − 3) + 1 = ?,9 × (5 − 3) + 1 = ?,,19,"Brackets first, then × and ÷, then + and −. 5 − 3 = 2, then 9 × 2 = 18, then + 1 = 19.",,
Question (generated example),maths,Order of Operations,6,5,order-of-operations:(7 + 5) × 9 − 86 ÷ 2 = ?,(7 + 5) × 9 − 86 ÷ 2 = ?,,65,"Brackets first, then × and ÷, then + and −. (7 + 5) = 12; 12 × 9 = 108; 86 ÷ 2 = 43; 108 − 43 = 65.",,
Question (generated example),maths,Order of Operations,6,5,order-of-operations:(4 + 2) × 7 − 40 ÷ 5 = ?,(4 + 2) × 7 − 40 ÷ 5 = ?,,34,"Brackets first, then × and ÷, then + and −. (4 + 2) = 6; 6 × 7 = 42; 40 ÷ 5 = 8; 42 − 8 = 34.",,
Question (generated example),maths,Order of Operations,6,5,order-of-operations:(5 + 2) × 9 − 36 ÷ 9 = ?,(5 + 2) × 9 − 36 ÷ 9 = ?,,59,"Brackets first, then × and ÷, then + and −. (5 + 2) = 7; 7 × 9 = 63; 36 ÷ 9 = 4; 63 − 4 = 59.",,
Question (generated example),maths,Long Multiplication & Division,6,1,long-multiplication-division:462 × 9 = ?,462 × 9 = ?,,4158,"Multiply each digit of 462 by 9, carrying as you go: 462 × 9 = 4158.",,
Question (generated example),maths,Long Multiplication & Division,6,1,long-multiplication-division:452 × 2 = ?,452 × 2 = ?,,904,"Multiply each digit of 452 by 2, carrying as you go: 452 × 2 = 904.",,
Question (generated example),maths,Long Multiplication & Division,6,1,long-multiplication-division:604 × 8 = ?,604 × 8 = ?,,4832,"Multiply each digit of 604 by 8, carrying as you go: 604 × 8 = 4832.",,
Question (generated example),maths,Long Multiplication & Division,6,2,long-multiplication-division:95 × 14 = ?,95 × 14 = ?,,1330,"Split 14 into 10 and 4: 95 × 10 = 950, 95 × 4 = 380. Add them: 950 + 380 = 1330.",,
Question (generated example),maths,Long Multiplication & Division,6,2,long-multiplication-division:51 × 27 = ?,51 × 27 = ?,,1377,"Split 27 into 20 and 7: 51 × 20 = 1020, 51 × 7 = 357. Add them: 1020 + 357 = 1377.",,
Question (generated example),maths,Long Multiplication & Division,6,2,long-multiplication-division:15 × 36 = ?,15 × 36 = ?,,540,"Split 36 into 30 and 6: 15 × 30 = 450, 15 × 6 = 90. Add them: 450 + 90 = 540.",,
Question (generated example),maths,Long Multiplication & Division,6,3,long-multiplication-division:860 × 73 = ?,860 × 73 = ?,,62780,"Split 73 into 70 and 3: 860 × 70 = 60200, 860 × 3 = 2580. Add them: 60200 + 2580 = 62780.",,
Question (generated example),maths,Long Multiplication & Division,6,3,long-multiplication-division:428 × 48 = ?,428 × 48 = ?,,20544,"Split 48 into 40 and 8: 428 × 40 = 17120, 428 × 8 = 3424. Add them: 17120 + 3424 = 20544.",,
Question (generated example),maths,Long Multiplication & Division,6,3,long-multiplication-division:228 × 96 = ?,228 × 96 = ?,,21888,"Split 96 into 90 and 6: 228 × 90 = 20520, 228 × 6 = 1368. Add them: 20520 + 1368 = 21888.",,
Question (generated example),maths,Long Multiplication & Division,6,4,long-multiplication-division:1650 ÷ 3 = ?,1650 ÷ 3 = ?,,550,"Work through 1650 from the left, dividing by 3 each time. Check: 550 × 3 = 1650.",,
Question (generated example),maths,Long Multiplication & Division,6,4,long-multiplication-division:3224 ÷ 8 = ?,3224 ÷ 8 = ?,,403,"Work through 3224 from the left, dividing by 8 each time. Check: 403 × 8 = 3224.",,
Question (generated example),maths,Long Multiplication & Division,6,4,long-multiplication-division:814 ÷ 22 = ?,814 ÷ 22 = ?,,37,"Work through 814 from the left, dividing by 22 each time. Check: 37 × 22 = 814.",,
Question (generated example),maths,Long Multiplication & Division,6,5,long-multiplication-division:6789 × 64 = ?,6789 × 64 = ?,,434496,"Split 64 into 60 and 4: 6789 × 60 = 407340, 6789 × 4 = 27156. Add them: 407340 + 27156 = 434496.",,
Question (generated example),maths,Long Multiplication & Division,6,5,long-multiplication-division:7138 × 51 = ?,7138 × 51 = ?,,364038,"Split 51 into 50 and 1: 7138 × 50 = 356900, 7138 × 1 = 7138. Add them: 356900 + 7138 = 364038.",,
Question (generated example),maths,Long Multiplication & Division,6,5,long-multiplication-division:6865 × 58 = ?,6865 × 58 = ?,,398170,"Split 58 into 50 and 8: 6865 × 50 = 343250, 6865 × 8 = 54920. Add them: 343250 + 54920 = 398170.",,
Question (generated example),maths,Fractions (Year 6),6,1,fractions-y6:Write 12/42 in its simplest form.,Write 12/42 in its simplest form.,,2/7,The highest common factor of 12 and 42 is 6. Divide both by 6: 2/7.,,
Question (generated example),maths,Fractions (Year 6),6,1,fractions-y6:Write 3/33 in its simplest form.,Write 3/33 in its simplest form.,,1/11,The highest common factor of 3 and 33 is 3. Divide both by 3: 1/11.,,
Question (generated example),maths,Fractions (Year 6),6,1,fractions-y6:Write 2/12 in its simplest form.,Write 2/12 in its simplest form.,,1/6,The highest common factor of 2 and 12 is 2. Divide both by 2: 1/6.,,
Question (generated example),maths,Fractions (Year 6),6,2,fractions-y6:1/3 + 7/9 = ?,1/3 + 7/9 = ?,,1 1/9,Make the denominators the same: 1/3 = 3/9. Then 3/9 + 7/9 = 10/9 = 1 1/9.,,
Question (generated example),maths,Fractions (Year 6),6,2,fractions-y6:2/3 + 2/6 = ?,2/3 + 2/6 = ?,,1,Make the denominators the same: 2/3 = 4/6. Then 4/6 + 2/6 = 6/6 = 1.,,
Question (generated example),maths,Fractions (Year 6),6,2,fractions-y6:1/4 + 5/12 = ?,1/4 + 5/12 = ?,,2/3,Make the denominators the same: 1/4 = 3/12. Then 3/12 + 5/12 = 8/12 = 2/3.,,
Question (generated example),maths,Fractions (Year 6),6,3,fractions-y6:3/4 − 2/3 = ?,3/4 − 2/3 = ?,,1/12,Use a common denominator of 12: 9/12 − 8/12 = 1/12.,,
Question (generated example),maths,Fractions (Year 6),6,3,fractions-y6:3/4 + 1/3 = ?,3/4 + 1/3 = ?,,1 1/12,Use a common denominator of 12: 9/12 + 4/12 = 13/12 = 1 1/12.,,
Question (generated example),maths,Fractions (Year 6),6,3,fractions-y6:2/5 − 1/4 = ?,2/5 − 1/4 = ?,,3/20,Use a common denominator of 20: 8/20 − 5/20 = 3/20.,,
Question (generated example),maths,Fractions (Year 6),6,4,fractions-y6:5/6 × 2/5 = ?  Give your answer in its simplest form.,5/6 × 2/5 = ?  Give your answer in its simplest form.,,1/3,"Multiply the tops and the bottoms: 10/30, which simplifies to 1/3.",,
Question (generated example),maths,Fractions (Year 6),6,4,fractions-y6:1/2 × 1/4 = ?  Give your answer in its simplest form.,1/2 × 1/4 = ?  Give your answer in its simplest form.,,1/8,Multiply the tops and the bottoms: 1/8.,,
Question (generated example),maths,Fractions (Year 6),6,4,fractions-y6:1/3 × 4/6 = ?  Give your answer in its simplest form.,1/3 × 4/6 = ?  Give your answer in its simplest form.,,2/9,"Multiply the tops and the bottoms: 4/18, which simplifies to 2/9.",,
Question (generated example),maths,Fractions (Year 6),6,5,fractions-y6:1 2/3 + 3 2/4 = ?,1 2/3 + 3 2/4 = ?,,5 1/6,Add the whole numbers: 1 + 3 = 4. Add the fractions using 12 as the denominator: 8/12 + 6/12 = 14/12. Total: 5 1/6.,,
Question (generated example),maths,Fractions (Year 6),6,5,fractions-y6:1 1/2 + 3 2/4 = ?,1 1/2 + 3 2/4 = ?,,5,Add the whole numbers: 1 + 3 = 4. Add the fractions using 4 as the denominator: 2/4 + 2/4 = 4/4. Total: 5.,,
Question (generated example),maths,Fractions (Year 6),6,5,fractions-y6:3 2/3 + 2 1/6 = ?,3 2/3 + 2 1/6 = ?,,5 5/6,Add the whole numbers: 3 + 2 = 5. Add the fractions using 6 as the denominator: 4/6 + 1/6 = 5/6. Total: 5 5/6.,,
Question (generated example),maths,Decimals & Percentages,6,1,decimals-percentages:Write 3/4 as a percentage.,Write 3/4 as a percentage.,,75%,"Per cent means ""out of 100"". 3/4 = 75/100 = 75%.",,
Question (generated example),maths,Decimals & Percentages,6,1,decimals-percentages:Write 3/4 as a decimal.,Write 3/4 as a decimal.,,0.75,3/4 = 75/100 = 0.75.,,
Question (generated example),maths,Decimals & Percentages,6,1,decimals-percentages:Write 1/4 as a percentage.,Write 1/4 as a percentage.,,25%,"Per cent means ""out of 100"". 1/4 = 25/100 = 25%.",,
Question (generated example),maths,Decimals & Percentages,6,2,decimals-percentages:0.76 × 1000 = ?,0.76 × 1000 = ?,,760,Multiplying by 1000 moves each digit 3 places to the left: 760.,,
Question (generated example),maths,Decimals & Percentages,6,2,decimals-percentages:912 ÷ 1000 = ?,912 ÷ 1000 = ?,,0.912,Dividing by 1000 moves each digit 3 places to the right: 0.912.,,
Question (generated example),maths,Decimals & Percentages,6,2,decimals-percentages:3.44 × 100 = ?,3.44 × 100 = ?,,344,Multiplying by 100 moves each digit 2 places to the left: 344.,,
Question (generated example),maths,Decimals & Percentages,6,3,decimals-percentages:What is 75% of 160?,What is 75% of 160?,,120,"To find 75%, find 25% (÷ 4) and multiply by 3: 75% of 160 = 120.",,
Question (generated example),maths,Decimals & Percentages,6,3,decimals-percentages:What is 10% of 60?,What is 10% of 60?,,6,"To find 10%, divide by 10: 10% of 60 = 6.",,
Question (generated example),maths,Decimals & Percentages,6,3,decimals-percentages:What is 20% of 140?,What is 20% of 140?,,28,"To find 20%, find 10% (÷ 10) and double it: 20% of 140 = 28.",,
Question (generated example),maths,Decimals & Percentages,6,4,decimals-percentages:What is 35% of 160?,What is 35% of 160?,,56,10% of 160 is 16 and 5% is 8. Build 35% from those: 35% of 160 = 56.,,
Question (generated example),maths,Decimals & Percentages,6,4,decimals-percentages:What is 85% of 360?,What is 85% of 360?,,306,10% of 360 is 36 and 5% is 18. Build 85% from those: 85% of 360 = 306.,,
Question (generated example),maths,Decimals & Percentages,6,4,decimals-percentages:What is 30% of 120?,What is 30% of 120?,,36,10% of 120 is 12 and 5% is 6. Build 30% from those: 30% of 120 = 36.,,
Question (generated example),maths,Decimals & Percentages,6,5,decimals-percentages:6.86 × 8 = ?,6.86 × 8 = ?,,54.88,"Work out 686 × 8 = 5488, then put the 2 decimal places back: 54.88.",,
Question (generated example),maths,Decimals & Percentages,6,5,decimals-percentages:8.08 × 4 = ?,8.08 × 4 = ?,,32.32,"Work out 808 × 4 = 3232, then put the 2 decimal places back: 32.32.",,
Question (generated example),maths,Decimals & Percentages,6,5,decimals-percentages:8.89 × 9 = ?,8.89 × 9 = ?,,80.01,"Work out 889 × 9 = 8001, then put the 2 decimal places back: 80.01.",,
Question (generated example),maths,Algebra,6,1,algebra:n + 3 = 37. What is n?,n + 3 = 37. What is n?,,34,Undo the + 3: 37 − 3 = 34.,,
Question (generated example),maths,Algebra,6,1,algebra:n + 38 = 98. What is n?,n + 38 = 98. What is n?,,60,Undo the + 38: 98 − 38 = 60.,,
Question (generated example),maths,Algebra,6,1,algebra:n + 19 = 72. What is n?,n + 19 = 72. What is n?,,53,Undo the + 19: 72 − 19 = 53.,,
Question (generated example),maths,Algebra,6,2,algebra:3n = 18. What is n?,3n = 18. What is n?,,6,3n means 3 × n. Undo it: 18 ÷ 3 = 6.,,
Question (generated example),maths,Algebra,6,2,algebra:9n = 54. What is n?,9n = 54. What is n?,,6,9n means 9 × n. Undo it: 54 ÷ 9 = 6.,,
Question (generated example),maths,Algebra,6,2,algebra:6n = 60. What is n?,6n = 60. What is n?,,10,6n means 6 × n. Undo it: 60 ÷ 6 = 10.,,
Question (generated example),maths,Algebra,6,3,algebra:7n + 10 = 59. What is n?,7n + 10 = 59. What is n?,,7,Subtract 10: 7n = 49. Divide by 7: n = 7.,,
Question (generated example),maths,Algebra,6,3,algebra:9n + 15 = 69. What is n?,9n + 15 = 69. What is n?,,6,Subtract 15: 9n = 54. Divide by 9: n = 6.,,
Question (generated example),maths,Algebra,6,3,algebra:6n + 9 = 81. What is n?,6n + 9 = 81. What is n?,,12,Subtract 9: 6n = 72. Divide by 6: n = 12.,,
Question (generated example),maths,Algebra,6,4,algebra:Tickets cost C = 7n + 2 pounds for n people. What is C when n = 7?,Tickets cost C = 7n + 2 pounds for n people. What is C when n = 7?,,51,C = 7 × 7 + 2 = 49 + 2 = 51.,,
Question (generated example),maths,Algebra,6,4,algebra:Tickets cost C = 4n + 7 pounds for n people. What is C when n = 8?,Tickets cost C = 4n + 7 pounds for n people. What is C when n = 8?,,39,C = 4 × 8 + 7 = 32 + 7 = 39.,,
Question (generated example),maths,Algebra,6,4,algebra:Tickets cost C = 7n + 5 pounds for n people. What is C when n = 10?,Tickets cost C = 7n + 5 pounds for n people. What is C when n = 10?,,75,C = 7 × 10 + 5 = 70 + 5 = 75.,,
Question (generated example),maths,Algebra,6,5,algebra:6n − 31 = 35. What is n?,6n − 31 = 35. What is n?,,11,Add 31: 6n = 66. Divide by 6: n = 11.,,
Question (generated example),maths,Algebra,6,5,"algebra:A sequence goes 17, 21, 25, 29, … What is the 20th term?","A sequence goes 17, 21, 25, 29, … What is the 20th term?",,93,It goes up by 4 each time. The 20th term is 19 steps after the first: 17 + 19 × 4 = 93.,,
Question (generated example),maths,Algebra,6,5,"algebra:A sequence goes 18, 20, 22, 24, … What is the 20th term?","A sequence goes 18, 20, 22, 24, … What is the 20th term?",,56,It goes up by 2 each time. The 20th term is 19 steps after the first: 18 + 19 × 2 = 56.,,
Question (generated example),maths,"Angles, Area & Averages",6,1,"geometry-statistics:Two angles sit on a straight line. One is 62°. What is the other, in degrees?","Two angles sit on a straight line. One is 62°. What is the other, in degrees?",,118,Angles on a straight line add up to 180°: 180 − 62 = 118°.,,
Question (generated example),maths,"Angles, Area & Averages",6,1,"geometry-statistics:Two angles sit on a straight line. One is 89°. What is the other, in degrees?","Two angles sit on a straight line. One is 89°. What is the other, in degrees?",,91,Angles on a straight line add up to 180°: 180 − 89 = 91°.,,
Question (generated example),maths,"Angles, Area & Averages",6,1,"geometry-statistics:Two angles sit on a straight line. One is 98°. What is the other, in degrees?","Two angles sit on a straight line. One is 98°. What is the other, in degrees?",,82,Angles on a straight line add up to 180°: 180 − 98 = 82°.,,
Question (generated example),maths,"Angles, Area & Averages",6,2,"geometry-statistics:A triangle has angles of 87° and 55°. What is the third angle, in degrees?","A triangle has angles of 87° and 55°. What is the third angle, in degrees?",,38,Angles in a triangle add up to 180°: 180 − 87 − 55 = 38°.,,
Question (generated example),maths,"Angles, Area & Averages",6,2,"geometry-statistics:A triangle has angles of 22° and 123°. What is the third angle, in degrees?","A triangle has angles of 22° and 123°. What is the third angle, in degrees?",,35,Angles in a triangle add up to 180°: 180 − 22 − 123 = 35°.,,
Question (generated example),maths,"Angles, Area & Averages",6,2,"geometry-statistics:A triangle has angles of 94° and 36°. What is the third angle, in degrees?","A triangle has angles of 94° and 36°. What is the third angle, in degrees?",,50,Angles in a triangle add up to 180°: 180 − 94 − 36 = 50°.,,
Question (generated example),maths,"Angles, Area & Averages",6,3,geometry-statistics:A triangle has a base of 8 cm and a perpendicular height of 5 cm. What is its area in cm²?,A triangle has a base of 8 cm and a perpendicular height of 5 cm. What is its area in cm²?,,20,Area of a triangle = ½ × base × height = ½ × 8 × 5 = 20 cm².,,
Question (generated example),maths,"Angles, Area & Averages",6,3,geometry-statistics:A triangle has a base of 16 cm and a perpendicular height of 17 cm. What is its area in cm²?,A triangle has a base of 16 cm and a perpendicular height of 17 cm. What is its area in cm²?,,136,Area of a triangle = ½ × base × height = ½ × 16 × 17 = 136 cm².,,
Question (generated example),maths,"Angles, Area & Averages",6,3,"geometry-statistics:A circle has a radius of 13 cm. What is its diameter, in cm?","A circle has a radius of 13 cm. What is its diameter, in cm?",,26,The diameter is twice the radius: 2 × 13 = 26 cm.,,
Question (generated example),maths,"Angles, Area & Averages",6,4,geometry-statistics:A parallelogram has a base of 3 cm and a perpendicular height of 3 cm. What is its area in cm²?,A parallelogram has a base of 3 cm and a perpendicular height of 3 cm. What is its area in cm²?,,9,Area of a parallelogram = base × height = 3 × 3 = 9 cm².,,
Question (generated example),maths,"Angles, Area & Averages",6,4,geometry-statistics:A parallelogram has a base of 14 cm and a perpendicular height of 3 cm. What is its area in cm²?,A parallelogram has a base of 14 cm and a perpendicular height of 3 cm. What is its area in cm²?,,42,Area of a parallelogram = base × height = 14 × 3 = 42 cm².,,
Question (generated example),maths,"Angles, Area & Averages",6,4,"geometry-statistics:What is the mean of 7, 15, 9, 25?","What is the mean of 7, 15, 9, 25?",,14,Add them up: 7 + 15 + 9 + 25 = 56. Divide by how many there are (4): 56 ÷ 4 = 14.,,
Question (generated example),maths,"Angles, Area & Averages",6,5,"geometry-statistics:A quadrilateral has angles of 124°, 100° and 74°. What is the fourth angle, in degrees?","A quadrilateral has angles of 124°, 100° and 74°. What is the fourth angle, in degrees?",,62,Angles in a quadrilateral add up to 360°: 360 − 124 − 100 − 74 = 62°.,,
Question (generated example),maths,"Angles, Area & Averages",6,5,"geometry-statistics:What is the mean of 36, 32, 35, 27, 110?","What is the mean of 36, 32, 35, 27, 110?",,48,Add them up: 36 + 32 + 35 + 27 + 110 = 240. Divide by how many there are (5): 240 ÷ 5 = 48.,,
Question (generated example),maths,"Angles, Area & Averages",6,5,"geometry-statistics:What is the size of each interior angle of a regular dodecagon (12 sides), in degrees?","What is the size of each interior angle of a regular dodecagon (12 sides), in degrees?",,150,The interior angles of a 12-sided shape add up to (12 − 2) × 180 = 1800°. Shared equally: 1800 ÷ 12 = 150°.,,
Question,science,Living Things,2,1,living-things#0,Which of these is a living thing?,A tree | A rock | A cloud | A chair,A tree,"Trees grow, need water and food, and make new trees. Rocks, clouds and chairs do not.",,
Question,science,Living Things,2,1,living-things#1,What is a baby frog called?,A tadpole | A puppy | A calf | A chick,A tadpole,"Frogs hatch from eggs as tadpoles, which live in water and slowly grow legs.",,
Question,science,Living Things,2,1,living-things#2,"Along with water and air, what do plants need to make their food?",Sunlight | Moonlight | Sand | Plastic,Sunlight,Plants use energy from sunlight to make their own food.,,
Question,science,Living Things,2,2,living-things#3,Which part of a plant takes in water from the soil?,The roots | The petals | The flowers | The seeds,The roots,Roots grow into the soil and soak up water and minerals.,,
Question,science,Living Things,2,2,living-things#4,An animal that eats only plants is called a…,Herbivore | Carnivore | Omnivore | Predator,Herbivore,Herbivores (like rabbits and cows) eat plants. Carnivores eat meat; omnivores eat both.,,
Question,science,Living Things,2,2,living-things#5,What do fish use to breathe underwater?,Gills | Lungs | Fins | Scales,Gills,Gills take oxygen out of the water as it flows over them.,,
Question,science,Living Things,2,3,living-things#6,Which of these animals is a mammal?,A whale | A shark | A salmon | An octopus,A whale,"Whales breathe air with lungs and feed their babies milk, so they are mammals, not fish.",,
Question,science,Living Things,2,3,living-things#7,A caterpillar grows up to become a…,Butterfly or moth | Beetle | Spider | Worm,Butterfly or moth,Caterpillars are the young (larva) stage of butterflies and moths.,,
Question,science,Living Things,2,3,living-things#8,Which gas do plants take in from the air to make food?,Carbon dioxide | Oxygen | Helium | Hydrogen,Carbon dioxide,"Plants take in carbon dioxide and, using sunlight and water, turn it into sugar.",,
Question,science,Living Things,2,4,living-things#9,What is the process called where plants make food using sunlight?,Photosynthesis | Evaporation | Digestion | Condensation,Photosynthesis,"""Photo"" means light and ""synthesis"" means making: plants make food with light.",,
Question,science,Living Things,2,4,living-things#10,"In the food chain grass → rabbit → fox, which one is the producer?",Grass | Rabbit | Fox | None of them,Grass,Producers make their own food from sunlight. Plants are producers; animals are consumers.,,
Question,science,Living Things,2,4,living-things#11,Animals without a backbone are called…,Invertebrates | Vertebrates | Mammals | Reptiles,Invertebrates,"Insects, worms, spiders and snails have no backbone, so they are invertebrates.",,
Question,science,Living Things,2,5,living-things#12,Which gas do plants give off during photosynthesis?,Oxygen | Carbon dioxide | Nitrogen | Helium,Oxygen,"Photosynthesis releases oxygen, which animals (and people) need to breathe.",,
Question,science,Living Things,2,5,living-things#13,Which part of a plant cell contains the green chlorophyll?,Chloroplast | Nucleus | Cell wall | Vacuole,Chloroplast,"Chloroplasts hold chlorophyll, which captures light energy for photosynthesis.",,
Question,science,Human Body,3,1,human-body#0,Which sense do you use your nose for?,Smell | Hearing | Sight | Touch,Smell,"Your nose detects smells. Ears hear, eyes see and skin feels touch.",,
Question,science,Human Body,3,1,human-body#1,Which organ pumps blood around your body?,The heart | The lungs | The stomach | The brain,The heart,The heart is a strong muscle that pumps blood all day and night.,,
Question,science,Human Body,3,2,human-body#2,Which organs do you use to breathe?,The lungs | The kidneys | The heart | The liver,The lungs,Your lungs fill with air and take oxygen into your blood.,,
Question,science,Human Body,3,2,human-body#3,What protects your brain?,The skull | The ribs | The spine | The kneecap,The skull,The skull is a hard case of bone around the brain.,,
Question,science,Human Body,3,2,human-body#4,Which part of your body helps you taste food?,The tongue | The elbow | The ear | The hair,The tongue,"Taste buds on your tongue detect flavours like sweet, salty and sour.",,
Question,science,Human Body,3,3,human-body#5,About how many bones does an adult human have?,206 | 26 | 106 | 506,206,"Babies are born with more bones, but some join together, leaving about 206 in adults.",,
Question,science,Human Body,3,3,human-body#6,What do your muscles pull on so that you can move?,Bones | Blood | Skin | Hair,Bones,Muscles are attached to bones and pull on them to move your body.,,
Question,science,Human Body,3,3,human-body#7,Where does food go right after you swallow it?,The food pipe (oesophagus) | The lungs | The heart | The kidneys,The food pipe (oesophagus),The oesophagus carries food from your mouth down to your stomach.,,
Question,science,Human Body,3,4,human-body#8,Which organs clean your blood and make urine?,The kidneys | The lungs | The heart | The stomach,The kidneys,Kidneys filter waste out of the blood and turn it into urine.,,
Question,science,Human Body,3,4,human-body#9,Which blood cells help fight germs?,White blood cells | Red blood cells | Platelets | Nerve cells,White blood cells,White blood cells are part of your immune system and attack germs.,,
Question,science,Human Body,3,4,human-body#10,What is the largest organ of the human body?,The skin | The liver | The brain | The lungs,The skin,"Skin covers your whole body, making it the largest organ.",,
Question,science,Human Body,3,5,human-body#11,Which blood vessels carry blood away from the heart?,Arteries | Veins | Nerves | Tendons,Arteries,Arteries carry blood away from the heart; veins bring it back.,,
Question,science,Human Body,3,5,human-body#12,Where are most nutrients from food absorbed into the blood?,The small intestine | The stomach | The large intestine | The mouth,The small intestine,The small intestine is long and lined with tiny finger-like villi that absorb nutrients.,,
Question,science,Human Body,3,5,human-body#13,What is the longest bone in the human body?,The femur (thigh bone) | The spine | The skull | The humerus (upper arm),The femur (thigh bone),The femur runs from your hip to your knee.,,
Question,science,Materials & Matter,4,1,materials#0,Ice is water in which state?,Solid | Liquid | Gas | Powder,Solid,"Ice keeps its own shape, so it is a solid.",,
Question,science,Materials & Matter,4,1,materials#1,Which material can you see through?,Clear glass | Wood | Brick | Metal,Clear glass,"Clear glass is transparent, so light passes through it.",,
Question,science,Materials & Matter,4,2,materials#2,What happens to ice when it warms up?,It melts into water | It turns into sand | It gets bigger | Nothing happens,It melts into water,Heat makes ice melt from a solid into liquid water.,,
Question,science,Materials & Matter,4,2,materials#3,Which material would be best for a raincoat?,Plastic | Paper | Cotton wool | Cardboard,Plastic,"Plastic is waterproof, so rain cannot soak through it.",,
Question,science,Materials & Matter,4,2,materials#4,Steam is water as a…,Gas | Solid | Liquid | Metal,Gas,When water boils it turns into a gas called steam (water vapour).,,
Question,science,Materials & Matter,4,3,materials#5,At what temperature does pure water freeze?,0 °C | 10 °C | 37 °C | 100 °C,0 °C,Pure water freezes at 0 °C and boils at 100 °C (at sea level).,,
Question,science,Materials & Matter,4,3,materials#6,At what temperature does pure water boil at sea level?,100 °C | 0 °C | 37 °C | 50 °C,100 °C,"At sea level, pure water boils at 100 °C.",,
Question,science,Materials & Matter,4,3,materials#7,"When water vapour cools and turns back into liquid, it is called…",Condensation | Evaporation | Melting | Freezing,Condensation,That is why drops form on a cold glass: water vapour in the air condenses.,,
Question,science,Materials & Matter,4,4,materials#8,Which of these conducts electricity well?,Copper | Rubber | Wood | Plastic,Copper,"Copper is a metal and a good conductor, which is why it is used in wires.",,
Question,science,Materials & Matter,4,4,materials#9,"When a liquid slowly turns into a gas, it is called…",Evaporation | Condensation | Freezing | Melting,Evaporation,Puddles dry up because the water evaporates into the air.,,
Question,science,Materials & Matter,4,4,materials#10,Which of these is a natural material?,Wool | Plastic | Nylon | Polyester,Wool,"Wool comes from sheep. Plastic, nylon and polyester are made by people.",,
Question,science,Materials & Matter,4,5,materials#11,"In which state are particles held in fixed places, only vibrating?",Solid | Liquid | Gas | They are the same in all states,Solid,"In a solid, particles are held in place and only vibrate, so it keeps its shape. In liquids and gases they move around.",,
Question,science,Materials & Matter,4,5,materials#12,"When sugar dissolves completely in water, the mixture is called a…",Solution | Solid | Gas | Magnet,Solution,A solution forms when one substance dissolves evenly into another.,,
Question,science,Materials & Matter,4,5,materials#13,Everything around us is made of tiny particles called…,Atoms | Cells | Pixels | Grains,Atoms,Atoms are the tiny building blocks of all matter.,,
Question,science,Forces & Energy,4,1,forces-energy#0,A push or a pull is called a…,Force | Colour | Sound | Shape,Force,"Every push or pull is a force. Forces can make things move, stop or change shape.",,
Question,science,Forces & Energy,4,1,forces-energy#1,Which of these will a magnet pick up?,An iron paperclip | A plastic spoon | A wooden pencil | A paper cup,An iron paperclip,"Magnets attract iron and steel, but not plastic, wood or paper.",,
Question,science,Forces & Energy,4,2,forces-energy#2,Which force pulls things down towards the Earth?,Gravity | Friction | Magnetism | Wind,Gravity,Gravity is why things fall when you drop them.,,
Question,science,Forces & Energy,4,2,forces-energy#3,Which of these gives off its own light?,The Sun | The Moon | A mirror | A window,The Sun,The Sun makes its own light. The Moon and mirrors only reflect light.,,
Question,science,Forces & Energy,4,2,forces-energy#4,Which force slows down a ball rolling on grass?,Friction | Magnetism | Electricity | Light,Friction,"Friction happens when surfaces rub together, and it slows moving things down.",,
Question,science,Forces & Energy,4,3,forces-energy#5,What happens when you put the north poles of two magnets together?,They push apart | They stick together | Nothing happens | They get hot,They push apart,Like poles repel (push apart); opposite poles attract.,,
Question,science,Forces & Energy,4,3,forces-energy#6,How is a shadow made?,An object blocks light | Light bounces off water | The ground gets darker by itself | Wind blows light away,An object blocks light,"Light travels in straight lines, so an object in the way leaves a dark shape behind it.",,
Question,science,Forces & Energy,4,3,forces-energy#7,Which surface gives the most friction?,Sandpaper | Ice | Glass | A polished floor,Sandpaper,"Rough surfaces like sandpaper grip more, which means more friction.",,
Question,science,Forces & Energy,4,4,forces-energy#8,What does a switch do in an electric circuit?,Opens or closes the circuit | Makes electricity | Stores the battery | Changes the bulb colour,Opens or closes the circuit,"When a switch is off, it makes a gap, so electricity cannot flow around the circuit.",,
Question,science,Forces & Energy,4,4,forces-energy#9,What causes sound?,Vibrations | Light | Magnets | Shadows,Vibrations,"Sound is made when something vibrates, like a guitar string or your vocal cords.",,
Question,science,Forces & Energy,4,4,forces-energy#10,What kind of energy does a moving car have?,Kinetic energy | Sound energy only | Light energy only | No energy,Kinetic energy,Anything that moves has kinetic energy (energy of motion).,,
Question,science,Forces & Energy,4,5,forces-energy#11,Which travels faster?,Light | Sound | They travel at the same speed | It depends on the colour,Light,"Light is far faster than sound, which is why you see lightning before you hear thunder.",,
Question,science,Forces & Energy,4,5,forces-energy#12,A solar panel changes light energy into…,Electrical energy | Sound energy | Chemical energy in food | Magnetism,Electrical energy,Solar panels turn sunlight into electricity.,,
Question,science,Forces & Energy,4,5,forces-energy#13,What is the unit used to measure force?,The newton | The metre | The litre | The gram,The newton,"Force is measured in newtons (N), named after Isaac Newton.",,
Question,science,Earth & Space,5,1,earth-space#0,What is the name of the star at the centre of our solar system?,The Sun | The Moon | Mars | The North Star,The Sun,"The Sun is a star, and all the planets in our solar system travel around it.",,
Question,science,Earth & Space,5,1,earth-space#1,Which planet do we live on?,Earth | Mars | Jupiter | Venus,Earth,"We live on Earth, the third planet from the Sun.",,
Question,science,Earth & Space,5,2,earth-space#2,About how long does Earth take to travel once around the Sun?,One year | One day | One week | One month,One year,"Earth takes about 365 days, one year, to orbit the Sun.",,
Question,science,Earth & Space,5,2,earth-space#3,About how long does Earth take to spin around once?,One day (24 hours) | One hour | One week | One year,One day (24 hours),"One full spin of Earth takes about 24 hours, giving us one day.",,
Question,science,Earth & Space,5,3,earth-space#4,Which planet is closest to the Sun?,Mercury | Venus | Earth | Neptune,Mercury,Mercury is the closest planet to the Sun.,,
Question,science,Earth & Space,5,3,earth-space#5,What causes day and night?,Earth spinning on its axis | The Sun going around Earth | The Moon blocking the Sun | Clouds covering the Sun,Earth spinning on its axis,"As Earth spins, your side faces the Sun (day) and then turns away (night).",,
Question,science,Earth & Space,5,3,earth-space#6,Which planet is known as the Red Planet?,Mars | Jupiter | Venus | Saturn,Mars,Mars looks red because of iron-rich dust (rust) on its surface.,,
Question,science,Earth & Space,5,4,earth-space#7,What is the largest planet in our solar system?,Jupiter | Saturn | Earth | Neptune,Jupiter,Jupiter is a giant gas planet with more mass than all the other planets put together.,,
Question,science,Earth & Space,5,4,earth-space#8,How many planets are in our solar system?,8 | 7 | 9 | 10,8,"Mercury, Venus, Earth, Mars, Jupiter, Saturn, Uranus and Neptune. Pluto is now called a dwarf planet.",,
Question,science,Earth & Space,5,4,earth-space#9,"Rain, snow, sleet and hail are all kinds of…",Precipitation | Evaporation | Condensation | Erosion,Precipitation,Precipitation is any water that falls from clouds to the ground.,,
Question,science,Earth & Space,5,5,earth-space#10,What causes Earth to have seasons?,The tilt of Earth's axis | Earth getting closer to and further from the Sun | The Moon changing shape | Clouds blocking the Sun,The tilt of Earth's axis,"Earth is tilted, so each half gets more direct sunlight for part of the year (summer).",,
Question,science,Earth & Space,5,5,earth-space#11,Why does the Moon shine at night?,It reflects light from the Sun | It makes its own light | It is on fire | It reflects light from Earth’s cities,It reflects light from the Sun,The Moon has no light of its own; we see sunlight bouncing off it.,,
Question,science,Earth & Space,5,5,earth-space#12,"In the water cycle, how do clouds form?",Water vapour cools and condenses | Wind blows dust together | The Sun makes smoke | Rain goes back up,Water vapour cools and condenses,"Warm water vapour rises, cools and condenses into tiny droplets that make clouds.",,
Question,science,Classifying Living Things,6,1,classification#0,Animals with a backbone are called…,Vertebrates | Invertebrates | Micro-organisms | Plants,Vertebrates,"Fish, amphibians, reptiles, birds and mammals all have a backbone, so they are vertebrates.",,
Question,science,Classifying Living Things,6,1,classification#1,Which of these is an invertebrate?,A snail | A frog | A robin | A salmon,A snail,"A snail has no backbone. Frogs, robins and salmon are vertebrates.",,
Question,science,Classifying Living Things,6,2,classification#2,Which group of vertebrates has feathers?,Birds | Mammals | Reptiles | Amphibians,Birds,Only birds have feathers.,,
Question,science,Classifying Living Things,6,2,classification#3,"Which vertebrate group has dry, scaly skin?",Reptiles | Amphibians | Mammals | Birds,Reptiles,"Reptiles such as lizards and snakes have dry, scaly skin. Amphibians have moist skin.",,
Question,science,Classifying Living Things,6,2,classification#4,How many legs does an insect have?,6 | 4 | 8 | 10,6,All adult insects have 6 legs and 3 body parts.,,
Question,science,Classifying Living Things,6,3,classification#5,Why is a spider not an insect?,It has eight legs | It has wings | It has a backbone | It has six legs,It has eight legs,Spiders have 8 legs and 2 body parts. Insects have 6 legs and 3 body parts.,,
Question,science,Classifying Living Things,6,3,classification#6,Which of these is a micro-organism?,Bacteria | A mushroom | A worm | An ant,Bacteria,Micro-organisms are too small to see without a microscope. Bacteria are micro-organisms.,,
Question,science,Classifying Living Things,6,3,classification#7,Frogs and other amphibians usually…,Live in water when young and on land as adults | Live only in the sea | Have feathers | Feed their young on milk,Live in water when young and on land as adults,"Frogs start as tadpoles in water, then grow lungs and legs and can live on land.",,
Question,science,Classifying Living Things,6,4,classification#8,Which scientist was a pioneer of classification and gave living things two-part Latin names?,Carl Linnaeus | Charles Darwin | Isaac Newton | Mary Anning,Carl Linnaeus,"Carl Linnaeus created the naming system we still use, such as Homo sapiens for humans.",,
Question,science,Classifying Living Things,6,4,classification#9,What is a classification key used for?,Identifying a living thing by answering questions about its features | Unlocking a science lab | Measuring how heavy an animal is | Counting how many animals live in a place,Identifying a living thing by answering questions about its features,"A key asks yes/no questions about features (such as ""Does it have legs?"") to work out what something is.",,
Question,science,Classifying Living Things,6,4,classification#10,A whale and a bat are both…,Mammals | Fish | Birds | Reptiles,Mammals,"Both breathe air, have hair and feed their babies milk, so both are mammals.",,
Question,science,Classifying Living Things,6,5,classification#11,Which feature do ALL mammals share?,They feed their young on milk | They give birth to live young | They live on land | They have four legs,They feed their young on milk,"All mammals feed their young on milk. A few, like the platypus, lay eggs, so ""live young"" is not true of every mammal.",,
Question,science,Classifying Living Things,6,5,classification#12,The mould that grows on old bread is a type of…,Fungus | Plant | Animal | Mineral,Fungus,"Moulds, yeasts and mushrooms are fungi.",,
Question,science,Classifying Living Things,6,5,classification#13,"Why are fungi, like mushrooms, not classified as plants?",They cannot make their own food by photosynthesis | They are always poisonous | They only grow at night | They are not made of cells,They cannot make their own food by photosynthesis,"Plants make food using sunlight. Fungi cannot, so they feed on other things, like dead leaves.",,
Question,science,"Heart, Blood & Health",6,1,circulatory-system#0,What is the main job of the heart?,To pump blood around the body | To digest food | To help us think | To store air,To pump blood around the body,The heart is a muscle that pumps blood through blood vessels to every part of the body.,,
Question,science,"Heart, Blood & Health",6,1,circulatory-system#1,Which of these helps keep your heart healthy?,Regular exercise | Smoking | Sitting still all day | Eating lots of sweets,Regular exercise,Exercise makes the heart muscle stronger. Smoking and too much sugar and fat can harm it.,,
Question,science,"Heart, Blood & Health",6,2,circulatory-system#2,Blood vessels that carry blood back to the heart are called…,Veins | Arteries | Nerves | Tendons,Veins,Veins carry blood back to the heart. Arteries carry it away from the heart.,,
Question,science,"Heart, Blood & Health",6,2,circulatory-system#3,What does blood carry to every part of the body?,Oxygen and nutrients | Only water | Bones | Air bubbles,Oxygen and nutrients,"Blood delivers oxygen from the lungs and nutrients from food, and carries away waste.",,
Question,science,"Heart, Blood & Health",6,2,circulatory-system#4,The tiniest blood vessels are called…,Capillaries | Arteries | Veins | Tendons,Capillaries,Capillaries are so thin that oxygen and nutrients can pass through their walls into the body.,,
Question,science,"Heart, Blood & Health",6,3,circulatory-system#5,Where does blood pick up oxygen?,In the lungs | In the stomach | In the kidneys | In the brain,In the lungs,Oxygen from the air we breathe passes into the blood in the lungs.,,
Question,science,"Heart, Blood & Health",6,3,circulatory-system#6,Why does your heart beat faster when you exercise?,Your muscles need more oxygen | Your bones are growing | You are digesting food | Your blood is getting colder,Your muscles need more oxygen,"Working muscles need more oxygen, so the heart pumps faster to deliver it.",,
Question,science,"Heart, Blood & Health",6,3,circulatory-system#7,How many chambers does the human heart have?,4 | 2 | 3 | 6,4,The heart has 4 chambers: two atria at the top and two ventricles at the bottom.,,
Question,science,"Heart, Blood & Health",6,4,circulatory-system#8,Which part of the blood helps it clot when you cut yourself?,Platelets | Red blood cells | Plasma | White blood cells,Platelets,Platelets stick together to plug a cut and stop the bleeding.,,
Question,science,"Heart, Blood & Health",6,4,circulatory-system#9,"The liquid part of blood, which carries dissolved nutrients, is called…",Plasma | Platelets | Marrow | Saliva,Plasma,"Plasma is mostly water and carries nutrients, water and waste around the body.",,
Question,science,"Heart, Blood & Health",6,4,circulatory-system#10,Smoking is especially harmful to which organs?,The heart and lungs | The hair and nails | The teeth only | The bones only,The heart and lungs,Smoking damages the lungs and blood vessels and makes heart disease more likely.,,
Question,science,"Heart, Blood & Health",6,5,circulatory-system#11,Which side of the heart pumps blood to the lungs?,The right side | The left side | Neither side | The heart does not pump blood to the lungs,The right side,The right side pumps blood to the lungs to collect oxygen. The left side pumps it to the rest of the body.,,
Question,science,"Heart, Blood & Health",6,5,circulatory-system#12,Why do arteries have thicker walls than veins?,They carry blood at high pressure straight from the heart | They carry more oxygen | They are older | They carry food instead of blood,They carry blood at high pressure straight from the heart,"Each heartbeat pushes blood into the arteries at high pressure, so they need thick, stretchy walls.",,
Question,science,"Heart, Blood & Health",6,5,circulatory-system#13,How are nutrients from digested food carried around the body?,Dissolved in the blood | Along the nerves | Through the bones | In the air we breathe,Dissolved in the blood,"Nutrients pass from the small intestine into the blood, which carries them to every cell.",,
Question,science,Evolution & Inheritance,6,1,evolution-inheritance#0,What is a fossil?,"The remains or traces of a living thing from long ago, preserved in rock | A type of crystal | A plant that is still growing | A rock shaped by the sea","The remains or traces of a living thing from long ago, preserved in rock","Fossils form over millions of years, often when a plant or animal is buried and turned to rock.",,
Question,science,Evolution & Inheritance,6,1,evolution-inheritance#1,What are the offspring of a living thing?,Its young | Its parents | Its food | Its home,Its young,Offspring are the young that a plant or animal produces.,,
Question,science,Evolution & Inheritance,6,2,evolution-inheritance#2,Are offspring usually identical to their parents?,"No, they are similar but usually vary | Yes, always exactly the same | No, they look nothing alike | Only in plants","No, they are similar but usually vary",Offspring are the same kind of living thing as their parents but are not identical. This is called variation.,,
Question,science,Evolution & Inheritance,6,2,evolution-inheritance#3,An arctic fox has thick white fur. This helps it survive in the snow and is an example of…,Adaptation | Photosynthesis | Evaporation | Classification,Adaptation,An adaptation is a feature that helps a living thing survive in its environment.,,
Question,science,Evolution & Inheritance,6,2,evolution-inheritance#4,How does a camel's hump help it survive in the desert?,It stores fat that can be used for energy | It stores water | It keeps the camel cool | It helps the camel see further,It stores fat that can be used for energy,"A camel's hump stores fat, not water. The fat can be used for energy when food is scarce.",,
Question,science,Evolution & Inheritance,6,3,evolution-inheritance#5,Which fossil hunter made famous discoveries at Lyme Regis?,Mary Anning | Carl Linnaeus | Isaac Newton | Florence Nightingale,Mary Anning,Mary Anning found ichthyosaur and plesiosaur fossils on the Dorset coast in the early 1800s.,,
Question,science,Evolution & Inheritance,6,3,evolution-inheritance#6,How are cactuses adapted to hot deserts?,They store water in thick stems and have spines instead of broad leaves | They grow huge soft leaves | They need lots of rain every day | They only grow in shade,They store water in thick stems and have spines instead of broad leaves,"Thick stems store water, and spines lose less water than broad leaves (and protect the plant).",,
Question,science,Evolution & Inheritance,6,3,evolution-inheritance#7,Features passed from parents to their offspring are…,Inherited | Learnt at school | Caught like a cold | Made up,Inherited,"Inherited characteristics, like eye colour, are passed on from parents.",,
Question,science,Evolution & Inheritance,6,4,evolution-inheritance#8,Which two scientists developed the idea of evolution by natural selection?,Charles Darwin and Alfred Russel Wallace | Isaac Newton and Albert Einstein | Mary Anning and Carl Linnaeus | Marie Curie and Louis Pasteur,Charles Darwin and Alfred Russel Wallace,"Darwin and Wallace both came up with natural selection, and their ideas were presented together in 1858.",,
Question,science,Evolution & Inheritance,6,4,evolution-inheritance#9,"In natural selection, which living things are most likely to survive and have offspring?",Those best adapted to their environment | Always the biggest ones | Always the oldest ones | Those that move the least,Those best adapted to their environment,"Living things with helpful features survive better, so they have more offspring and pass those features on.",,
Question,science,Evolution & Inheritance,6,4,evolution-inheritance#10,"If a labrador and a poodle have puppies, the puppies will…",Have a mix of features from both parents | Look exactly like the poodle | Not be dogs | Have no features from either parent,Have a mix of features from both parents,"Offspring inherit characteristics from both parents, so they show a mix.",,
Question,science,Evolution & Inheritance,6,5,evolution-inheritance#11,What do fossils tell us about living things?,They have changed over millions of years | They never change | Dinosaurs are alive today | All animals lived at the same time,They have changed over millions of years,"Fossils show animals and plants that no longer exist, and how living things have changed over time.",,
Question,science,Evolution & Inheritance,6,5,evolution-inheritance#12,"According to natural selection, why do giraffes have long necks?","Giraffes born with longer necks reached more food, survived, and passed long necks on | Giraffes stretched their necks and passed the stretch on to their babies | Giraffes decided to grow longer necks | Their necks grew because they ate leaves","Giraffes born with longer necks reached more food, survived, and passed long necks on",Stretching during life is not passed on. Natural variation plus survival of the best adapted explains it.,,
Question,science,Evolution & Inheritance,6,5,evolution-inheritance#13,Why is variation between offspring important for evolution?,"Some variations help survival, and these get passed on | It makes all animals identical | It stops animals from changing | It only affects plants","Some variations help survival, and these get passed on",Without variation there would be nothing for natural selection to choose between.,,
Question,science,Light (Year 6),6,1,light-y6#0,Light travels in…,Straight lines | Curves | Circles | Zigzags,Straight lines,"Light travels in straight lines, which is why it cannot go around objects.",,
Question,science,Light (Year 6),6,1,light-y6#1,Which of these is a light source?,A lit candle | A mirror | The Moon | A white wall,A lit candle,"A light source gives out its own light. Mirrors, the Moon and walls only reflect light.",,
Question,science,Light (Year 6),6,2,light-y6#2,How do we see a book in a lit room?,Light reflects off the book into our eyes | Light shines out of our eyes onto the book | The book makes its own light | We can see without any light,Light reflects off the book into our eyes,"Light travels from a source, bounces off the book, and travels in a straight line into our eyes.",,
Question,science,Light (Year 6),6,2,light-y6#3,Why does a shadow have the same shape as the object?,"Light travels in straight lines, so the object blocks light in its own shape | Shadows are copies made by our eyes | The object gives out dark light | Light bends around the object","Light travels in straight lines, so the object blocks light in its own shape","The object blocks the straight-line light rays, leaving a dark area with the same outline.",,
Question,science,Light (Year 6),6,3,light-y6#4,What happens to a shadow when you move an object closer to the light source?,It gets bigger | It gets smaller | It stays the same size | It disappears,It gets bigger,"Closer to the light, the object blocks more of the spreading light, so the shadow grows.",,
Question,science,Light (Year 6),6,3,light-y6#5,Which surface reflects light best?,A mirror | Black paper | A carpet | A wooden table,A mirror,"Smooth, shiny surfaces like mirrors reflect light best.",,
Question,science,Light (Year 6),6,3,light-y6#6,A simple periscope uses what to let you see over a wall?,Two mirrors | A magnet | A torch | A shadow,Two mirrors,"Light reflects off the top mirror, down to the bottom mirror and into your eye.",,
Question,science,Light (Year 6),6,4,light-y6#7,Why should you never look directly at the Sun?,Its light is so strong it can damage your eyes | It will make the Sun go out | It makes shadows disappear | The Sun is too far away to see,Its light is so strong it can damage your eyes,"Sunlight is very intense and can permanently damage your eyes, even through sunglasses.",,
Question,science,Light (Year 6),6,4,light-y6#8,Which material would make the darkest shadow?,Cardboard (opaque) | Clear glass (transparent) | Tissue paper (translucent) | Clear plastic (transparent),Cardboard (opaque),"Opaque materials block all light, so they make the darkest shadows.",,
Question,science,Light (Year 6),6,4,light-y6#9,A straw in a glass of water looks bent because light…,Changes direction as it passes between water and air | Is blocked by the water | Is soaked up by the straw | Stops travelling in water,Changes direction as it passes between water and air,Light bends when it moves from one material to another. This is called refraction.,,
Question,science,Light (Year 6),6,5,light-y6#10,A rainbow forms when sunlight…,Is split into colours by raindrops | Bounces off clouds | Reflects off the ground | Passes through the Moon,Is split into colours by raindrops,Raindrops bend and split white sunlight into its colours.,,
Question,science,Light (Year 6),6,5,light-y6#11,White light is made up of…,A mixture of all the colours | Only white | Only yellow | Only blue,A mixture of all the colours,"A prism or raindrops can split white light into red, orange, yellow, green, blue, indigo and violet.",,
Question,science,Light (Year 6),6,5,light-y6#12,Why does a red apple look red?,It reflects red light and absorbs most other colours | It gives out red light | It absorbs red light | Red light cannot reach it,It reflects red light and absorbs most other colours,We see the colour of light that an object reflects into our eyes.,,
Question,science,Electricity (Year 6),6,1,electricity-y6#0,"For a bulb to light up, the circuit must be…",Complete (a full loop) | Broken | Wet | Made of wood,Complete (a full loop),"Electricity can only flow if there is a complete loop from the cell, through the bulb and back.",,
Question,science,Electricity (Year 6),6,1,electricity-y6#1,What does a cell (battery) do in a circuit?,It provides the energy to push electricity around the circuit | It stops electricity | It makes light by itself | It measures the circuit,It provides the energy to push electricity around the circuit,The cell is the power source that pushes the current around the circuit.,,
Question,science,Electricity (Year 6),6,2,electricity-y6#2,"In a series circuit, what happens to a bulb if you add another cell?",It gets brighter | It gets dimmer | Nothing changes | It changes colour,It gets brighter,"More cells give a higher voltage, so more energy reaches the bulb and it glows brighter.",,
Question,science,Electricity (Year 6),6,2,electricity-y6#3,What happens to a buzzer if you use a higher-voltage cell?,It gets louder | It gets quieter | It stops working | Nothing changes,It gets louder,"A higher voltage gives the buzzer more energy, so it sounds louder.",,
Question,science,Electricity (Year 6),6,2,electricity-y6#4,What happens when a switch is open (off)?,The circuit is broken and electricity stops flowing | The bulb gets brighter | The cell recharges | Electricity flows faster,The circuit is broken and electricity stops flowing,An open switch makes a gap in the circuit.,,
Question,science,Electricity (Year 6),6,3,electricity-y6#5,"In a series circuit with one cell, what happens if you add a second bulb?",Both bulbs are dimmer | Both bulbs are brighter | Nothing changes | One bulb goes out,Both bulbs are dimmer,"The same cell now has to push electricity through two bulbs, so each gets less energy and is dimmer.",,
Question,science,Electricity (Year 6),6,3,electricity-y6#6,What is voltage measured in?,Volts | Amps | Metres | Grams,Volts,Voltage is measured in volts (V). A typical AA cell is 1.5 V.,,
Question,science,Electricity (Year 6),6,3,electricity-y6#7,Which of these is an electrical conductor?,A steel paperclip | A plastic ruler | A rubber band | A wooden peg,A steel paperclip,"Metals like steel conduct electricity. Plastic, rubber and wood are insulators.",,
Question,science,Electricity (Year 6),6,4,electricity-y6#8,"In a circuit diagram, what does a circle with a cross inside it show?",A bulb (lamp) | A cell | A switch | A buzzer,A bulb (lamp),A circle with a cross is the symbol for a lamp (bulb).,,
Question,science,Electricity (Year 6),6,4,electricity-y6#9,"In a circuit diagram, a long line next to a shorter line shows…",A cell | A bulb | A wire | A motor,A cell,The cell symbol is a long line (positive) next to a short line (negative).,,
Question,science,Electricity (Year 6),6,4,electricity-y6#10,Why do scientists use symbols in circuit diagrams?,They are simple and understood everywhere | They look prettier than drawings | They make circuits work better | They are secret codes,They are simple and understood everywhere,Standard symbols make circuits quick to draw and easy for anyone to read.,,
Question,science,Electricity (Year 6),6,5,electricity-y6#11,"If one bulb breaks in a series circuit, what happens to the other bulbs?",They go out too | They get brighter | They stay the same | They change colour,They go out too,A series circuit is a single loop. One broken bulb breaks the loop for everything.,,
Question,science,Electricity (Year 6),6,5,electricity-y6#12,Why might a bulb blow if you connect too many cells?,The voltage is too high for the bulb | The wires get too long | The cells run out | The switch is off,The voltage is too high for the bulb,Each bulb is made for a certain voltage. Too high and its thin filament overheats and breaks.,,
Question,science,Electricity (Year 6),6,5,electricity-y6#13,A motor in a circuit changes electrical energy into…,Movement (kinetic energy) | Light only | Sound only | Chemical energy,Movement (kinetic energy),A motor uses electricity to make something spin.,,
Question,english,Tricky Spellings,6,1,spelling-words#average,Which spelling is correct?,average | averige | avrage,average,The correct spelling is average.,,
Question,english,Tricky Spellings,6,1,spelling-words#bargain,Which spelling is correct?,bargain | bargin | bargian,bargain,bargain: It ends in -gain: bar + gain.,,
Question,english,Tricky Spellings,6,1,spelling-words#bruise,Which spelling is correct?,bruise | bruse | bruize,bruise,"bruise: There is a silent ""i"" after the ""u"".",,
Question,english,Tricky Spellings,6,1,spelling-words#develop,Which spelling is correct?,develop | develope | devlop,develop,"develop: No ""e"" on the end.",,
Question,english,Tricky Spellings,6,1,spelling-words#forty,Which spelling is correct?,forty | fourty | fortey,forty,"forty: Four has a ""u"" but forty does not.",,
Question,english,Tricky Spellings,6,1,spelling-words#identity,Which spelling is correct?,identity | identaty | idenity,identity,The correct spelling is identity.,,
Question,english,Tricky Spellings,6,1,spelling-words#language,Which spelling is correct?,language | langauge | languige,language,"language: The ""u"" comes straight after the ""g"": lang-u-age.",,
Question,english,Tricky Spellings,6,1,spelling-words#muscle,Which spelling is correct?,muscle | mussle | muscel,muscle,"muscle: It has a silent ""c"": mus-cle.",,
Question,english,Tricky Spellings,6,1,spelling-words#relevant,Which spelling is correct?,relevant | relevent | relavant,relevant,relevant: It ends in -ant.,,
Question,english,Tricky Spellings,6,1,spelling-words#shoulder,Which spelling is correct?,shoulder | sholder | shouldor,shoulder,"shoulder: It starts like ""should"".",,
Question,english,Tricky Spellings,6,1,spelling-words#soldier,Which spelling is correct?,soldier | soldeir | soljer,soldier,"soldier: The ""j"" sound is spelt ""di"": sol-di-er.",,
Question,english,Tricky Spellings,6,1,spelling-words#stomach,Which spelling is correct?,stomach | stomache | stumach,stomach,"stomach: The ""k"" sound is spelt ""ch"" and there is no ""e"" on the end.",,
Question,english,Tricky Spellings,6,1,spelling-words#suggest,Which spelling is correct?,suggest | sugest | suggust,suggest,"suggest: Double ""g"".",,
Question,english,Tricky Spellings,6,1,spelling-words#symbol,Which spelling is correct?,symbol | symbal | simbol,symbol,"symbol: It uses ""y"" and ends in -bol.",,
Question,english,Tricky Spellings,6,1,spelling-words#system,Which spelling is correct?,system | sistem | systom,system,"system: It uses ""y"": sys-tem.",,
Question,english,Tricky Spellings,6,1,spelling-words#variety,Which spelling is correct?,variety | varity | variaty,variety,"variety: Think of ""vary"": var-i-e-ty.",,
Question,english,Tricky Spellings,6,1,spelling-words#vegetable,Which spelling is correct?,vegetable | vegtable | vegetible,vegetable,vegetable: Say it slowly: veg-e-ta-ble.,,
Question,english,Tricky Spellings,6,1,spelling-words#yacht,Which spelling is correct?,yacht | yatch | yaht,yacht,"yacht: The ""ch"" is silent and comes after the ""a"": ya-ch-t.",,
Question,english,Tricky Spellings,6,2,spelling-words#achieve,Which spelling is correct?,achieve | acheive | achive,achieve,"achieve: ""i"" before ""e"" in achieve.",,
Question,english,Tricky Spellings,6,2,spelling-words#amateur,Which spelling is correct?,amateur | amature | amatuer,amateur,"amateur: It ends in -eur, like ""chauffeur"".",,
Question,english,Tricky Spellings,6,2,spelling-words#ancient,Which spelling is correct?,ancient | anceint | ancint,ancient,"ancient: The ""sh"" sound is spelt ""ci"": an-ci-ent.",,
Question,english,Tricky Spellings,6,2,spelling-words#attached,Which spelling is correct?,attached | attatched | atached,attached,"attached: Double ""t"", then -ached.",,
Question,english,Tricky Spellings,6,2,spelling-words#available,Which spelling is correct?,available | availible | avaliable,available,available: avail + able.,,
Question,english,Tricky Spellings,6,2,spelling-words#awkward,Which spelling is correct?,awkward | awkard | awkword,awkward,awkward: awk + ward.,,
Question,english,Tricky Spellings,6,2,spelling-words#category,Which spelling is correct?,category | catagory | categary,category,category: cat-e-gory.,,
Question,english,Tricky Spellings,6,2,spelling-words#community,Which spelling is correct?,community | comunity | communitty,community,"community: Double ""m"", single ""t"".",,
Question,english,Tricky Spellings,6,2,spelling-words#competition,Which spelling is correct?,competition | competision | compitition,competition,"competition: Think of ""compete"": compet-ition.",,
Question,english,Tricky Spellings,6,2,spelling-words#dictionary,Which spelling is correct?,dictionary | dictionery | dictionairy,dictionary,dictionary: diction + ary.,,
Question,english,Tricky Spellings,6,2,spelling-words#excellent,Which spelling is correct?,excellent | excelent | exellent,excellent,"excellent: It has ""exc"" and double ""l"".",,
Question,english,Tricky Spellings,6,2,spelling-words#familiar,Which spelling is correct?,familiar | familar | familier,familiar,"familiar: Think of ""family"": famil-i-ar.",,
Question,english,Tricky Spellings,6,2,spelling-words#foreign,Which spelling is correct?,foreign | foriegn | forein,foreign,"foreign: It has ""ei"" and a silent ""g"": for-eig-n.",,
Question,english,Tricky Spellings,6,2,spelling-words#frequently,Which spelling is correct?,frequently | frequantly | freqently,frequently,frequently: frequent + ly.,,
Question,english,Tricky Spellings,6,2,spelling-words#government,Which spelling is correct?,government | goverment | govenment,government,"government: govern + ment: don't forget the ""n"".",,
Question,english,Tricky Spellings,6,2,spelling-words#interfere,Which spelling is correct?,interfere | interfear | interfer,interfere,interfere: inter + fere.,,
Question,english,Tricky Spellings,6,2,spelling-words#occupy,Which spelling is correct?,occupy | ocupy | occuppy,occupy,"occupy: Double ""c"", single ""p"".",,
Question,english,Tricky Spellings,6,2,spelling-words#persuade,Which spelling is correct?,persuade | pursuade | persuaid,persuade,"persuade: It starts with ""per"".",,
Question,english,Tricky Spellings,6,2,spelling-words#physical,Which spelling is correct?,physical | phisical | physicle,physical,"physical: The ""f"" sound is ""ph"" and it uses ""y"".",,
Question,english,Tricky Spellings,6,2,spelling-words#signature,Which spelling is correct?,signature | signiture | signatuer,signature,"signature: Think of ""sign"": sign-a-ture.",,
Question,english,Tricky Spellings,6,2,spelling-words#temperature,Which spelling is correct?,temperature | temprature | temperture,temperature,temperature: Say every part: tem-per-a-ture.,,
Question,english,Tricky Spellings,6,2,spelling-words#vehicle,Which spelling is correct?,vehicle | vehical | veicle,vehicle,"vehicle: It has a silent ""h"" and ends in -icle.",,
Question,english,Tricky Spellings,6,3,spelling-words#accompany,Which spelling is correct?,accompany | acompany | accompeny,accompany,"accompany: Double ""c"": ac + company.",,
Question,english,Tricky Spellings,6,3,spelling-words#according,Which spelling is correct?,according | acording | accourding,according,"according: Double ""c"": ac + cord + ing.",,
Question,english,Tricky Spellings,6,3,spelling-words#apparent,Which spelling is correct?,apparent | apparant | aparent,apparent,"apparent: Double ""p"", and it ends in -ent.",,
Question,english,Tricky Spellings,6,3,spelling-words#appreciate,Which spelling is correct?,appreciate | apreciate | appreshiate,appreciate,"appreciate: Double ""p"", and the ""sh"" sound is spelt ""ci"".",,
Question,english,Tricky Spellings,6,3,spelling-words#communicate,Which spelling is correct?,communicate | comunicate | communecate,communicate,"communicate: Double ""m"".",,
Question,english,Tricky Spellings,6,3,spelling-words#correspond,Which spelling is correct?,correspond | corespond | correspund,correspond,"correspond: Double ""r"": cor + respond.",,
Question,english,Tricky Spellings,6,3,spelling-words#criticise,Which spelling is correct?,criticise | critisise | critticise,criticise,criticise: critic + ise.,,
Question,english,Tricky Spellings,6,3,spelling-words#curiosity,Which spelling is correct?,curiosity | curiousity | curiosaty,curiosity,"curiosity: The ""u"" from ""curious"" is dropped.",,
Question,english,Tricky Spellings,6,3,spelling-words#definite,Which spelling is correct?,definite | definate | definit,definite,"definite: There is ""finite"" inside definite.",,
Question,english,Tricky Spellings,6,3,spelling-words#desperate,Which spelling is correct?,desperate | desparate | desprate,desperate,desperate: des-per-ate.,,
Question,english,Tricky Spellings,6,3,spelling-words#determined,Which spelling is correct?,determined | determind | determened,determined,determined: determine + d.,,
Question,english,Tricky Spellings,6,3,spelling-words#environment,Which spelling is correct?,environment | enviroment | environmant,environment,"environment: There is ""iron"" in the middle: env-iron-ment.",,
Question,english,Tricky Spellings,6,3,spelling-words#equipment,Which spelling is correct?,equipment | equiptment | equippment,equipment,"equipment: equip + ment: no ""t"" before -ment and only one ""p"".",,
Question,english,Tricky Spellings,6,3,spelling-words#explanation,Which spelling is correct?,explanation | explaination | explanasion,explanation,"explanation: Unlike ""explain"", there is no ""i"" after the ""a"".",,
Question,english,Tricky Spellings,6,3,spelling-words#individual,Which spelling is correct?,individual | individule | indivdual,individual,individual: in-di-vid-u-al.,,
Question,english,Tricky Spellings,6,3,spelling-words#leisure,Which spelling is correct?,leisure | liesure | leasure,leisure,"leisure: It has ""ei"", and the ""s"" sounds like the ""s"" in ""treasure"".",,
Question,english,Tricky Spellings,6,3,spelling-words#lightning,Which spelling is correct?,lightning | litening | lightnig,lightning,"lightning: Lightning in a storm has no ""e"". (""Lightening"" means making lighter.)",,
Question,english,Tricky Spellings,6,3,spelling-words#neighbour,Which spelling is correct?,neighbour | nieghbour | neighbur,neighbour,"neighbour: It starts with ""neigh"", like a horse.",,
Question,english,Tricky Spellings,6,3,spelling-words#profession,Which spelling is correct?,profession | proffession | profesion,profession,"profession: One ""f"", double ""s"".",,
Question,english,Tricky Spellings,6,3,spelling-words#programme,Which spelling is correct?,programme | programe | progamme,programme,"programme: In British English a TV programme has ""mme"" at the end.",,
Question,english,Tricky Spellings,6,3,spelling-words#recognise,Which spelling is correct?,recognise | reconise | recognice,recognise,"recognise: There is a ""g"" in the middle: re-cog-nise.",,
Question,english,Tricky Spellings,6,3,spelling-words#sacrifice,Which spelling is correct?,sacrifice | sacrafice | sacrifise,sacrifice,sacrifice: sac-ri-fice.,,
Question,english,Tricky Spellings,6,3,spelling-words#secretary,Which spelling is correct?,secretary | secretery | secertary,secretary,"secretary: There is a ""secret"" in secretary.",,
Question,english,Tricky Spellings,6,3,spelling-words#sincerely,Which spelling is correct?,sincerely | sincerly | sincerley,sincerely,"sincerely: sincere + ly: keep the ""e"".",,
Question,english,Tricky Spellings,6,3,spelling-words#sufficient,Which spelling is correct?,sufficient | sufficiant | suficient,sufficient,"sufficient: Double ""f"" and it ends in -cient.",,
Question,english,Tricky Spellings,6,3,spelling-words#twelfth,Which spelling is correct?,twelfth | twelth | twelveth,twelfth,"twelfth: Don't forget the ""f"": twel-f-th.",,
Question,english,Tricky Spellings,6,4,spelling-words#aggressive,Which spelling is correct?,aggressive | agressive | aggresive,aggressive,"aggressive: Double ""g"" and double ""s"".",,
Question,english,Tricky Spellings,6,4,spelling-words#cemetery,Which spelling is correct?,cemetery | cemetary | cemitery,cemetery,"cemetery: Three ""e""s: c-e-m-e-t-e-ry.",,
Question,english,Tricky Spellings,6,4,spelling-words#committee,Which spelling is correct?,committee | commitee | comittee,committee,"committee: Double ""m"", double ""t"", double ""e"".",,
Question,english,Tricky Spellings,6,4,spelling-words#conscious,Which spelling is correct?,conscious | concious | consious,conscious,"conscious: It contains ""sc"" and ""ci"": con-sc-ious.",,
Question,english,Tricky Spellings,6,4,spelling-words#convenience,Which spelling is correct?,convenience | conveniance | convienience,convenience,convenience: con-ven-i-ence.,,
Question,english,Tricky Spellings,6,4,spelling-words#disastrous,Which spelling is correct?,disastrous | disasterous | disastrus,disastrous,"disastrous: The ""e"" from ""disaster"" is dropped.",,
Question,english,Tricky Spellings,6,4,spelling-words#equipped,Which spelling is correct?,equipped | equiped | eqipped,equipped,"equipped: Double the ""p"" before -ed.",,
Question,english,Tricky Spellings,6,4,spelling-words#especially,Which spelling is correct?,especially | especialy | expecially,especially,especially: especial + ly.,,
Question,english,Tricky Spellings,6,4,spelling-words#existence,Which spelling is correct?,existence | existance | existense,existence,existence: It ends in -ence.,,
Question,english,Tricky Spellings,6,4,spelling-words#guarantee,Which spelling is correct?,guarantee | garantee | guarentee,guarantee,"guarantee: There is a silent ""u"" after the ""g"".",,
Question,english,Tricky Spellings,6,4,spelling-words#immediately,Which spelling is correct?,immediately | immediatly | imediately,immediately,"immediately: Double ""m"", and immediate + ly keeps the ""e"".",,
Question,english,Tricky Spellings,6,4,spelling-words#interrupt,Which spelling is correct?,interrupt | interupt | interrubt,interrupt,"interrupt: Double ""r"": inter + rupt.",,
Question,english,Tricky Spellings,6,4,spelling-words#marvellous,Which spelling is correct?,marvellous | marvellus | marvelouse,marvellous,"marvellous: In British English it has double ""l"" and ends in -ous.",,
Question,english,Tricky Spellings,6,4,spelling-words#nuisance,Which spelling is correct?,nuisance | nuisence | nusance,nuisance,nuisance: nui-sance.,,
Question,english,Tricky Spellings,6,4,spelling-words#occur,Which spelling is correct?,occur | ocur | occurr,occur,"occur: Double ""c"", single ""r"".",,
Question,english,Tricky Spellings,6,4,spelling-words#opportunity,Which spelling is correct?,opportunity | oppertunity | oportunity,opportunity,"opportunity: Double ""p"", and ""port"" is inside it.",,
Question,english,Tricky Spellings,6,4,spelling-words#parliament,Which spelling is correct?,parliament | parliment | parlament,parliament,"parliament: There is an ""ia"" in the middle: parl-ia-ment.",,
Question,english,Tricky Spellings,6,4,spelling-words#queue,Which spelling is correct?,queue | queu | qeue,queue,queue: Say the letters: q-u-e-u-e.,,
Question,english,Tricky Spellings,6,4,spelling-words#recommend,Which spelling is correct?,recommend | reccomend | recomend,recommend,"recommend: One ""c"", double ""m"".",,
Question,english,Tricky Spellings,6,4,spelling-words#restaurant,Which spelling is correct?,restaurant | restaraunt | resturant,restaurant,restaurant: rest-au-rant.,,
Question,english,Tricky Spellings,6,4,spelling-words#rhyme,Which spelling is correct?,rhyme | ryhme | rhime,rhyme,"rhyme: It starts with ""rh"" and uses ""y"".",,
Question,english,Tricky Spellings,6,4,spelling-words#thorough,Which spelling is correct?,thorough | thurough | thourough,thorough,"thorough: It ends in -ough, like ""borough"".",,
Question,english,Tricky Spellings,6,5,spelling-words#accommodate,Which spelling is correct?,accommodate | acommodate | accomodate,accommodate,"accommodate: It is big enough to accommodate double ""c"" and double ""m"".",,
Question,english,Tricky Spellings,6,5,spelling-words#conscience,Which spelling is correct?,conscience | concience | consciense,conscience,conscience: con + science.,,
Question,english,Tricky Spellings,6,5,spelling-words#controversy,Which spelling is correct?,controversy | controvercy | contraversy,controversy,controversy: contro-versy.,,
Question,english,Tricky Spellings,6,5,spelling-words#embarrass,Which spelling is correct?,embarrass | embarass | embarras,embarrass,"embarrass: Double ""r"" and double ""s"".",,
Question,english,Tricky Spellings,6,5,spelling-words#exaggerate,Which spelling is correct?,exaggerate | exagerate | exaggarate,exaggerate,"exaggerate: Double ""g"": ex-ag-ger-ate.",,
Question,english,Tricky Spellings,6,5,spelling-words#harass,Which spelling is correct?,harass | harrass | harras,harass,"harass: Single ""r"", double ""s"".",,
Question,english,Tricky Spellings,6,5,spelling-words#hindrance,Which spelling is correct?,hindrance | hindrence | hindranse,hindrance,"hindrance: The ""e"" from ""hinder"" is dropped.",,
Question,english,Tricky Spellings,6,5,spelling-words#mischievous,Which spelling is correct?,mischievous | mischievious | mischevous,mischievous,"mischievous: mischief + ous: no extra ""i"" before -ous.",,
Question,english,Tricky Spellings,6,5,spelling-words#necessary,Which spelling is correct?,necessary | neccessary | necesary,necessary,"necessary: One collar (c), two sleeves (ss).",,
Question,english,Tricky Spellings,6,5,spelling-words#prejudice,Which spelling is correct?,prejudice | predjudice | prejudise,prejudice,"prejudice: pre-ju-dice: no ""d"" before the ""j"".",,
Question,english,Tricky Spellings,6,5,spelling-words#privilege,Which spelling is correct?,privilege | privelege | priviledge,privilege,"privilege: priv-i-lege: no ""d"".",,
Question,english,Tricky Spellings,6,5,spelling-words#pronunciation,Which spelling is correct?,pronunciation | pronounciation | pronunciasion,pronunciation,"pronunciation: Unlike ""pronounce"", there is no ""o"" after the first ""n"".",,
Question,english,Tricky Spellings,6,5,spelling-words#rhythm,Which spelling is correct?,rhythm | rythm | rhythem,rhythm,rhythm: Rhythm Helps Your Two Hips Move.,,
Question,english,Spelling Patterns,6,1,spelling-patterns#0,Which is the correct spelling?,receive | recieve,receive,"After ""c"", the ""ee"" sound is spelt ""ei"": receive, deceive, ceiling.",,
Question,english,Spelling Patterns,6,1,spelling-patterns#1,Which is the correct spelling?,ceiling | cieling,ceiling,"After ""c"", the ""ee"" sound is spelt ""ei"".",,
Question,english,Spelling Patterns,6,1,spelling-patterns#2,Which is the correct spelling?,deceive | decieve,deceive,"After ""c"", the ""ee"" sound is spelt ""ei"".",,
Question,english,Spelling Patterns,6,1,spelling-patterns#3,Which is the correct spelling?,perceive | percieve,perceive,"After ""c"", the ""ee"" sound is spelt ""ei"".",,
Question,english,Spelling Patterns,6,1,spelling-patterns#4,Which is the correct spelling?,seize | sieze,seize,"Seize is an exception: it has ""ei"" even without a ""c"" before it.",,
Question,english,Spelling Patterns,6,1,spelling-patterns#5,Which is the correct spelling?,doubt | dout,doubt,"Doubt has a silent ""b"".",,
Question,english,Spelling Patterns,6,1,spelling-patterns#6,Which is the correct spelling?,island | iland,island,"Island has a silent ""s"".",,
Question,english,Spelling Patterns,6,1,spelling-patterns#7,Which is the correct spelling?,solemn | solem,solemn,"Solemn has a silent ""n"", like autumn.",,
Question,english,Spelling Patterns,6,2,spelling-patterns#8,Which is the correct spelling?,vicious | vitious,vicious,"The root word ""vice"" ends in -ce, so it takes -cious.",,
Question,english,Spelling Patterns,6,2,spelling-patterns#9,Which is the correct spelling?,gracious | gratious,gracious,"The root word ""grace"" ends in -ce, so it takes -cious.",,
Question,english,Spelling Patterns,6,2,spelling-patterns#10,Which is the correct spelling?,spacious | spatious,spacious,"The root word ""space"" ends in -ce, so it takes -cious.",,
Question,english,Spelling Patterns,6,2,spelling-patterns#11,Which is the correct spelling?,delicious | delitious,delicious,Delicious ends in -cious.,,
Question,english,Spelling Patterns,6,2,spelling-patterns#12,Which is the correct spelling?,suspicious | suspitious,suspicious,"Think of ""suspicion"": suspicious ends in -cious.",,
Question,english,Spelling Patterns,6,2,spelling-patterns#13,Which is the correct spelling?,ambitious | ambicious,ambitious,"Think of ""ambition"": ambitious ends in -tious.",,
Question,english,Spelling Patterns,6,2,spelling-patterns#14,Which is the correct spelling?,cautious | caucious,cautious,"Think of ""caution"": cautious ends in -tious.",,
Question,english,Spelling Patterns,6,2,spelling-patterns#15,Which is the correct spelling?,nutritious | nutricious,nutritious,"Think of ""nutrition"": nutritious ends in -tious.",,
Question,english,Spelling Patterns,6,2,spelling-patterns#16,Which is the correct spelling?,anxious | anxcious,anxious,Anxious is an exception: it ends in -xious.,,
Question,english,Spelling Patterns,6,3,spelling-patterns#17,Which is the correct spelling?,official | offitial,official,-cial is common after a vowel letter (offi-cial).,,
Question,english,Spelling Patterns,6,3,spelling-patterns#18,Which is the correct spelling?,special | spetial,special,-cial is common after a vowel letter (spe-cial).,,
Question,english,Spelling Patterns,6,3,spelling-patterns#19,Which is the correct spelling?,artificial | artifitial,artificial,-cial is common after a vowel letter.,,
Question,english,Spelling Patterns,6,3,spelling-patterns#20,Which is the correct spelling?,partial | parcial,partial,-tial is common after a consonant letter (par-tial).,,
Question,english,Spelling Patterns,6,3,spelling-patterns#21,Which is the correct spelling?,essential | essencial,essential,-tial is common after a consonant letter (essen-tial).,,
Question,english,Spelling Patterns,6,3,spelling-patterns#22,Which is the correct spelling?,confidential | confidencial,confidential,-tial is common after a consonant letter (confiden-tial).,,
Question,english,Spelling Patterns,6,3,spelling-patterns#23,Which is the correct spelling?,initial | inicial,initial,Initial is an exception: -tial after a vowel.,,
Question,english,Spelling Patterns,6,3,spelling-patterns#24,Which is the correct spelling?,financial | finantial,financial,"Financial is an exception: think of ""finance"".",,
Question,english,Spelling Patterns,6,4,spelling-patterns#25,Which is the correct spelling?,changeable | changable,changeable,"Keep the ""e"" after ""g"" so it still sounds soft: change + able.",,
Question,english,Spelling Patterns,6,4,spelling-patterns#26,Which is the correct spelling?,noticeable | noticable,noticeable,"Keep the ""e"" after ""c"" so it still sounds soft: notice + able.",,
Question,english,Spelling Patterns,6,4,spelling-patterns#27,Which is the correct spelling?,dependable | dependible,dependable,"You can hear the whole root word ""depend"", so use -able.",,
Question,english,Spelling Patterns,6,4,spelling-patterns#28,Which is the correct spelling?,reliable | relyable,reliable,"rely + able: the ""y"" changes to ""i"".",,
Question,english,Spelling Patterns,6,4,spelling-patterns#29,Which is the correct spelling?,considerable | considerible,considerable,"There is a related word ""consideration"", so use -able.",,
Question,english,Spelling Patterns,6,4,spelling-patterns#30,Which is the correct spelling?,possible | possable,possible,"You can't hear a complete root word before the ending, so use -ible.",,
Question,english,Spelling Patterns,6,4,spelling-patterns#31,Which is the correct spelling?,horrible | horrable,horrible,"You can't hear a complete root word before the ending, so use -ible.",,
Question,english,Spelling Patterns,6,4,spelling-patterns#32,Which is the correct spelling?,visible | visable,visible,"You can't hear a complete root word before the ending, so use -ible.",,
Question,english,Spelling Patterns,6,4,spelling-patterns#33,Which is the correct spelling?,incredibly | incredably,incredibly,incredible → incredibly.,,
Question,english,Spelling Patterns,6,5,spelling-patterns#34,Which is the correct spelling?,observant | observent,observant,"There is a related word ""observation"", so use -ant.",,
Question,english,Spelling Patterns,6,5,spelling-patterns#35,Which is the correct spelling?,hesitant | hesitent,hesitant,"There is a related word ""hesitation"", so use -ant.",,
Question,english,Spelling Patterns,6,5,spelling-patterns#36,Which is the correct spelling?,tolerance | tolerence,tolerance,"There is a related word ""toleration"", so use -ance.",,
Question,english,Spelling Patterns,6,5,spelling-patterns#37,Which is the correct spelling?,innocent | innocant,innocent,"After a soft ""c"" (an ""s"" sound), use -ent.",,
Question,english,Spelling Patterns,6,5,spelling-patterns#38,Which is the correct spelling?,frequency | frequancy,frequency,"After ""qu"", use -ency.",,
Question,english,Spelling Patterns,6,5,spelling-patterns#39,Which is the correct spelling?,confidence | confidance,confidence,"There is a related word ""confidential"" with a clear ""e"" sound, so use -ence.",,
Question,english,Spelling Patterns,6,5,spelling-patterns#40,Which is the correct spelling?,referring | refering,referring,"The ""fer"" is still stressed (re-FER-ring), so double the ""r"".",,
Question,english,Spelling Patterns,6,5,spelling-patterns#41,Which is the correct spelling?,preferred | prefered,preferred,"The ""fer"" is still stressed (pre-FERRED), so double the ""r"".",,
Question,english,Spelling Patterns,6,5,spelling-patterns#42,Which is the correct spelling?,reference | referrence,reference,"The ""fer"" is no longer stressed (REF-er-ence), so don't double the ""r"".",,
Question,english,Spelling Patterns,6,5,spelling-patterns#43,Which is the correct spelling?,preference | preferrence,preference,"The ""fer"" is no longer stressed (PREF-er-ence), so don't double the ""r"".",,
Question,english,Homophones,6,1,homophones#0,Read the poem ___ to the class.,aloud | allowed,aloud,Aloud means out loud. Allowed means permitted.,,
Question,english,Homophones,6,1,homophones#1,Dogs are not ___ in the shop.,allowed | aloud,allowed,Allowed means permitted. Aloud means out loud.,,
Question,english,Homophones,6,1,homophones#2,A ___ of cows crossed the road.,herd | heard,herd,A herd is a group of animals. Heard is the past tense of hear.,,
Question,english,Homophones,6,1,homophones#3,I ___ a strange noise outside.,heard | herd,heard,Heard is the past tense of hear.,,
Question,english,Homophones,6,1,homophones#4,Camels can survive in the hot ___.,desert | dessert,desert,"A desert is a dry place. Dessert (with two s's, like ""sweet stuff"") is pudding.",,
Question,english,Homophones,6,1,homophones#5,We had ice cream for ___.,dessert | desert,dessert,"Dessert is the sweet course. Remember: dessert has two s's, like ""sweet stuff"".",,
Question,english,Homophones,6,1,homophones#6,The bridge is made of ___.,steel | steal,steel,Steel is a metal. Steal means to take something that isn't yours.,,
Question,english,Homophones,6,2,homophones#7,___ coat is this?,Whose | Who's,Whose,"Whose means ""belonging to whom"". Who's is short for ""who is"" or ""who has"".",,
Question,english,Homophones,6,2,homophones#8,___ coming to the party?,Who's | Whose,Who's,"Who's is short for ""who is"": Who is coming to the party?",,
Question,english,Homophones,6,2,homophones#9,We had a ___ for dinner.,guest | guessed,guest,A guest is a visitor. Guessed is the past tense of guess.,,
Question,english,Homophones,6,2,homophones#10,She ___ the team to victory last year.,led | lead,led,"Led is the past tense of the verb ""lead"".",,
Question,english,Homophones,6,2,homophones#11,Old water pipes were sometimes made of ___.,lead | led,lead,"Lead (rhymes with ""bed"") is also a heavy metal.",,
Question,english,Homophones,6,2,homophones#12,I ___ my friend in the corridor.,passed | past,passed,"Passed is the past tense of the verb ""pass"".",,
Question,english,Homophones,6,2,homophones#13,He walked ___ the shop without stopping.,past | passed,past,Past here shows place: he went by the shop.,,
Question,english,Homophones,6,2,homophones#14,They sailed to a small ___ off the coast.,isle | aisle,isle,An isle is an island. An aisle is a gangway between seats.,,
Question,english,Homophones,6,3,homophones#15,I ___ the piano every day.,practise | practice,practise,"In British English, practise (with s) is the verb.",,
Question,english,Homophones,6,3,homophones#16,Football ___ is on Tuesday.,practice | practise,practice,"In British English, practice (with c) is the noun.",,
Question,english,Homophones,6,3,homophones#17,Can I give you some ___?,advice | advise,advice,Advice (with c) is the noun.,,
Question,english,Homophones,6,3,homophones#18,I ___ you to wear a coat.,advise | advice,advise,"Advise (with s, said with a ""z"" sound) is the verb.",,
Question,english,Homophones,6,3,homophones#19,We need to ___ a clever plan.,devise | device,devise,"Devise (with s) is the verb, meaning to invent or plan.",,
Question,english,Homophones,6,3,homophones#20,A calculator is a useful ___.,device | devise,device,Device (with c) is the noun.,,
Question,english,Homophones,6,3,homophones#21,"Close the window, there's a cold ___.",draught | draft,draught,A draught is a current of air.,,
Question,english,Homophones,6,3,homophones#22,This is only my first ___ of the story.,draft | draught,draft,A draft is a first attempt at writing something.,,
Question,english,Homophones,6,3,homophones#23,The car was ___ at the traffic lights.,stationary | stationery,stationary,"Stationary means not moving. Stationery (e for envelopes) is paper, pens and so on.",,
Question,english,Homophones,6,3,homophones#24,"Pens, paper and envelopes are called ___.",stationery | stationary,stationery,"Stationery: remember ""e for envelopes"".",,
Question,english,Homophones,6,3,homophones#25,After the long walk we felt ___.,weary | wary,weary,Weary means tired. Wary means cautious.,,
Question,english,Homophones,6,3,homophones#26,Be ___ of strangers you meet online.,wary | weary,wary,Wary means cautious. Weary means tired.,,
Question,english,Homophones,6,4,homophones#27,The cold weather may ___ our plans.,affect | effect,affect,Affect is usually a verb. Effect is usually a noun.,,
Question,english,Homophones,6,4,homophones#28,The medicine had a good ___.,effect | affect,effect,Effect is usually a noun: an effect.,,
Question,english,Homophones,6,4,homophones#29,Honesty is an important ___.,principle | principal,principle,A principle is a basic truth or belief.,,
Question,english,Homophones,6,4,homophones#30,The ___ of the college gave a speech.,principal | principle,principal,"A principal is the most important person, such as the head of a college.",,
Question,english,Homophones,6,4,homophones#31,She paid me a lovely ___ about my drawing.,compliment | complement,compliment,A compliment is a nice remark.,,
Question,english,Homophones,6,4,homophones#32,The red scarf is the perfect ___ to her coat.,complement | compliment,complement,"A complement completes something (think ""complete"").",,
Question,english,Homophones,6,4,homophones#33,My uncle has a driving ___.,licence | license,licence,"In British English, licence (with c) is the noun.",,
Question,english,Homophones,6,4,homophones#34,The council will ___ the café to sell food.,license | licence,license,"In British English, license (with s) is the verb.",,
Question,english,Homophones,6,4,homophones#35,Please ___ to the exit.,proceed | precede,proceed,Proceed means go on. Precede means go before.,,
Question,english,Homophones,6,4,homophones#36,A short film will ___ the main film.,precede | proceed,precede,Precede means go in front of or before.,,
Question,english,Homophones,6,4,homophones#37,The shop made a ___ of £50.,profit | prophet,profit,Profit is money made from selling things. A prophet foretells the future.,,
Question,english,Homophones,6,5,homophones#38,The climbers began their ___ of the mountain.,ascent | assent,ascent,Ascent means going up. Assent means agreement.,,
Question,english,Homophones,6,5,homophones#39,The head teacher gave her ___ to the plan.,assent | ascent,assent,Assent means agreement.,,
Question,english,Homophones,6,5,homophones#40,The plane began its ___ into London.,descent | dissent,descent,Descent means going down. Dissent means disagreement.,,
Question,english,Homophones,6,5,homophones#41,There was ___ among the players about the new rules.,dissent | descent,dissent,Dissent means disagreement.,,
Question,english,Homophones,6,5,homophones#42,The rider fitted the ___ onto the horse.,bridle | bridal,bridle,A bridle is the straps used to control a horse. Bridal is to do with a bride.,,
Question,english,Homophones,6,5,homophones#43,The ___ shop sells wedding dresses.,bridal | bridle,bridal,Bridal means to do with a bride.,,
Question,english,Homophones,6,5,homophones#44,We need to ___ the length of these trousers.,alter | altar,alter,Alter means to change. An altar is a table in a church.,,
Question,english,Homophones,6,5,homophones#45,The wizard made a ___ about the future king.,prophecy | prophesy,prophecy,Prophecy (with c) is the noun.,,
Question,english,Homophones,6,5,homophones#46,The old woman claimed she could ___ the future.,prophesy | prophecy,prophesy,Prophesy (with s) is the verb.,,
Question,english,Grammar,6,1,grammar-y6#0,"Which word is a synonym for ""talk""?",speak | run | sleep | laugh,speak,Synonyms have the same or similar meanings: talk and speak.,,
Question,english,Grammar,6,1,grammar-y6#1,"Which word is a synonym for ""old""?",elderly | young | new | tall,elderly,"Old and elderly have similar meanings, so they are synonyms.",,
Question,english,Grammar,6,1,grammar-y6#2,"Which word is a synonym for ""begin""?",start | finish | stop | end,start,Begin and start mean the same thing.,,
Question,english,Grammar,6,1,grammar-y6#3,"Which word is an antonym of ""ancient""?",modern | old | historic | antique,modern,Antonyms have opposite meanings: ancient and modern.,,
Question,english,Grammar,6,1,grammar-y6#4,"Which word is an antonym of ""generous""?",selfish | kind | giving | helpful,selfish,"Generous and selfish are opposites, so they are antonyms.",,
Question,english,Grammar,6,2,grammar-y6#5,"Which is the most formal way to say ""find out""?",discover | check out | suss out | get,discover,"In formal writing, ""discover"" replaces ""find out"".",,
Question,english,Grammar,6,2,grammar-y6#6,"Which is the most formal way to say ""ask for""?",request | go for | beg | shout for,request,"In formal writing, ""request"" replaces ""ask for"".",,
Question,english,Grammar,6,2,grammar-y6#7,"Which is the most formal way to say ""go in""?",enter | pop in | get in | nip in,enter,"In formal writing, ""enter"" replaces ""go in"".",,
Question,english,Grammar,6,2,grammar-y6#8,"Which is the most formal way to say ""help""?",assist | give a hand | sort out | back up,assist,"In formal writing, ""assist"" replaces ""help"".",,
Question,english,Grammar,6,2,grammar-y6#9,Which sentence is the most formal?,"Pupils are requested to arrive by 9 a.m. | Get here by 9, OK? | Don't be late, guys! | Try and be in for 9.",Pupils are requested to arrive by 9 a.m.,"Formal writing avoids chatty words and uses vocabulary like ""requested"".",,
Question,english,Grammar,6,3,grammar-y6#10,"In ""The children will study the animals."", what is the subject?",The children | the animals | will study | study,The children,"The subject is the ""do-er"" and normally comes just before the verb.",,
Question,english,Grammar,6,3,grammar-y6#11,"In ""Year 2 designed puppets."", what is the object?",puppets | Year 2 | designed | There is no object,puppets,The object comes straight after the verb and shows what the verb acts on.,,
Question,english,Grammar,6,3,grammar-y6#12,"In ""Rula's mother went out."", what is the subject?",Rula's mother | out | went | went out,Rula's mother,"The whole noun phrase ""Rula's mother"" is the subject: she did the going out.",,
Question,english,Grammar,6,3,grammar-y6#13,"In ""My brother kicked the ball over the fence."", what is the object?",the ball | My brother | the fence | kicked,the ball,"""The ball"" comes straight after the verb and is what was kicked. ""The fence"" follows the preposition ""over"".",,
Question,english,Grammar,6,4,grammar-y6#14,Which sentence is written in the passive voice?,The window was broken by me. | I broke the window. | I am breaking the window. | I will break the window.,The window was broken by me.,"In a passive sentence the object becomes the subject, with ""be"" + past participle (was broken).",,
Question,english,Grammar,6,4,grammar-y6#15,"Which is the passive version of ""Our dog ate it.""?",It was eaten by our dog. | Our dog has eaten it. | Our dog was eating it. | It ate our dog.,It was eaten by our dog.,"Passive: the object (it) becomes the subject, plus ""was"" + past participle (eaten).",,
Question,english,Grammar,6,4,grammar-y6#16,Which sentence is in the active voice?,The school arranged a visit. | A visit was arranged by the school. | A visit was arranged. | A visit was being arranged.,The school arranged a visit.,In an active sentence the subject does the action: the school arranged.,,
Question,english,Grammar,6,4,grammar-y6#17,"Which sentence uses a question tag, a feature of informal speech?","He's your friend, isn't he? | Is he your friend? | He is your friend. | Your friend is here.","He's your friend, isn't he?","A question tag is a short question added to the end of a statement: ""isn't he?"".",,
Question,english,Grammar,6,4,grammar-y6#18,Which adverbial shows a contrast between ideas?,On the other hand | As a consequence | Furthermore | Firstly,On the other hand,"""On the other hand"" and ""in contrast"" link paragraphs by showing a difference.",,
Question,english,Grammar,6,5,grammar-y6#19,Which sentence uses the subjunctive form?,"If I were you, I would apologise. | If I was you, I would apologise. | I was sure I would apologise. | I am going to apologise.","If I were you, I would apologise.","""If I were"" is the subjunctive, used in formal writing.",,
Question,english,Grammar,6,5,grammar-y6#20,"Choose the verb for formal writing: ""The school requires that all pupils ___ honest.""",be | are | is | were,be,"After ""requires that"", formal English uses the subjunctive ""be"".",,
Question,english,Grammar,6,5,grammar-y6#21,Which adverbial shows a result?,As a consequence | In contrast | On the other hand | However,As a consequence,"""As a consequence"" shows that one thing happened because of another.",,
Question,english,Grammar,6,5,grammar-y6#22,Which sentence uses ellipsis (leaving out words that are expected)?,I wanted to help but I couldn't. | I wanted to help and I helped. | I helped my friend with her homework. | My friend helped me with my homework.,I wanted to help but I couldn't.,"The word ""help"" is left out after ""couldn't"" because the reader can predict it.",,
Question,english,Grammar,6,5,grammar-y6#23,Which of these sentences is passive?,Our cat got run over by a bus. | He received a warning. | We had an accident. | A bus ran over our cat.,Our cat got run over by a bus.,"""Got run over"" is passive: ""get"" + past participle. ""Received"" and ""had"" are just active past tense verbs.",,
Question,english,Punctuation,6,1,punctuation-y6#0,Which sentence means you are inviting Grandma to eat with you?,"Let's eat, Grandma! | Let's eat Grandma!","Let's eat, Grandma!","The comma separates the person being spoken to. Without it, Grandma is on the menu!",,
Question,english,Punctuation,6,1,punctuation-y6#1,Which pair of punctuation marks can show parenthesis (extra information)?,Brackets | Full stops | Question marks | Apostrophes,Brackets,"Brackets, dashes or commas can be used for parenthesis: My sister (who is 15) plays the drums.",,
Question,english,Punctuation,6,1,punctuation-y6#2,Which sentence uses brackets correctly?,My sister (who is 15) plays the drums. | My sister (who is 15 plays) the drums. | (My sister) who is 15 plays the drums. | My sister who (is 15 plays the drums.),My sister (who is 15) plays the drums.,The brackets go around the extra information only. The sentence still makes sense without it.,,
Question,english,Punctuation,6,2,punctuation-y6#3,Which sentence describes a shark that eats people?,A man-eating shark swam past. | A man eating shark swam past.,A man-eating shark swam past.,"The hyphen joins ""man-eating"" into one describing word. Without it, it sounds like a man is eating a shark!",,
Question,english,Punctuation,6,2,punctuation-y6#4,"The sofa was worn out, so we had it ___.",re-covered | recovered,re-covered,Re-cover (with a hyphen) means cover again. Recover means get better or get back.,,
Question,english,Punctuation,6,2,punctuation-y6#5,What does a hyphen help to avoid?,Ambiguity (a sentence having two meanings) | Long sentences | Capital letters | Speech,Ambiguity (a sentence having two meanings),"Hyphens join words so the meaning is clear, like ""man-eating shark"".",,
Question,english,Punctuation,6,3,punctuation-y6#6,Which sentence uses a semi-colon correctly?,It's raining; I'm fed up. | It's; raining I'm fed up. | Because it's raining; I'm fed up. | It's raining I'm; fed up.,It's raining; I'm fed up.,"A semi-colon joins two independent clauses (each could be a sentence on its own). ""Because it's raining"" is not independent.",,
Question,english,Punctuation,6,3,punctuation-y6#7,"Which punctuation mark could join these two independent clauses: ""The film was long ___ I nearly fell asleep.""?",A semi-colon | A comma | An apostrophe | A hyphen,A semi-colon,"A semi-colon (or a dash, or a colon) can mark the boundary between independent clauses. A comma alone cannot.",,
Question,english,Punctuation,6,3,punctuation-y6#8,Which sentence uses a dash to join two independent clauses?,The shop was closed – we went home. | The – shop was closed we went home. | The shop – was closed we went home. | The shop was closed we – went home.,The shop was closed – we went home.,The dash goes at the boundary between the two clauses.,,
Question,english,Punctuation,6,4,punctuation-y6#9,Which sentence uses a colon correctly?,"You will need the following: a pencil, a ruler and a rubber. | You will: need a pencil, a ruler and a rubber. | You will need a pencil: a ruler and a rubber. | You: will need a pencil, a ruler and a rubber.","You will need the following: a pencil, a ruler and a rubber.",A colon can introduce a list after a complete clause.,,
Question,english,Punctuation,6,4,punctuation-y6#10,Which sentence uses a colon correctly between two clauses?,I knew what had happened: the dog had eaten my homework. | I knew: what had happened the dog had eaten my homework. | I knew what: had happened the dog had eaten my homework. | I knew what had happened the dog: had eaten my homework.,I knew what had happened: the dog had eaten my homework.,The colon comes at the boundary between the clauses. The second clause explains the first.,,
Question,english,Punctuation,6,4,punctuation-y6#11,What is a colon used for?,To introduce a list or an explanation | To show a question | To show possession | To end every sentence,To introduce a list or an explanation,"A colon (:) can introduce a list, or a clause that explains the first one.",,
Question,english,Punctuation,6,5,punctuation-y6#12,Which sentence uses semi-colons correctly in a list?,"We visited Paris, France; Rome, Italy; and Madrid, Spain. | We visited Paris; France, Rome; Italy, and Madrid; Spain. | We visited; Paris, France, Rome, Italy, and Madrid, Spain. | We visited Paris France; Rome Italy and; Madrid Spain.","We visited Paris, France; Rome, Italy; and Madrid, Spain.","When list items already contain commas, semi-colons separate the items clearly.",,
Question,english,Punctuation,6,5,punctuation-y6#13,Which punctuation mark introduces a list?,A colon | A semi-colon | A hyphen | An apostrophe,A colon,A colon introduces a list. Semi-colons can separate items within a list.,,
Question,english,Punctuation,6,5,punctuation-y6#14,Which sentence is punctuated correctly?,"I love summer; the days are long and warm. | I love summer, the days are long and warm. | I love summer the days are long and warm. | I love; summer the days are long and warm.",I love summer; the days are long and warm.,"Two independent clauses need a semi-colon (or a full stop), not just a comma.",,
Question,english,Reading Comprehension,6,1,reading-y6#keeper:0,How many steps did Isla climb to reach the lamp room?,"112 | 100 | 23 | 1,000",112,"The first paragraph says she climbed ""the last of the hundred and twelve steps"".",,
Question,english,Reading Comprehension,6,1,reading-y6#keeper:1,Why had Isla's father gone to the mainland?,To fetch a new part for the lamp | To buy food for dinner | To get away from the storm | To visit Isla's school,To fetch a new part for the lamp,"Paragraph 2: ""to fetch a new part for the lamp"".",,
Question,english,Reading Comprehension,6,2,reading-y6#keeper:2,"""The sea hurled itself at the rocks."" Which word is closest in meaning to ""hurled""?",threw | rolled | whispered | floated,threw,To hurl something is to throw it hard. The writer makes the sea sound violent.,,
Question,english,Reading Comprehension,6,3,reading-y6#keeper:3,Why did Isla's fingers tremble as she wound the mechanism?,She was nervous because she had never done it herself before. | She was angry with her father. | The brass handle was hot. | She was excited about going to the mainland.,She was nervous because she had never done it herself before.,"The text says she ""had never been allowed to touch the brass handle herself"", and her father was late in a storm: she is nervous.",,
Question,english,Reading Comprehension,6,3,reading-y6#keeper:4,"The windows were rattling ""like loose teeth"". What does this comparison suggest?",The windows were shaking so much they seemed ready to fall out. | The windows were white and shiny. | Isla had toothache. | The windows were small.,The windows were shaking so much they seemed ready to fall out.,Loose teeth wobble and might fall out. The simile shows how hard the storm was shaking the windows.,,
Question,english,Reading Comprehension,6,4,reading-y6#keeper:5,What does the horn sounding three short blasts most likely mean?,A boat out at sea has seen the light and is signalling back. | The storm is over. | Isla's father is cross with her. | The lamp has broken again.,A boat out at sea has seen the light and is signalling back.,"The horn answers the three sweeps of light, and Isla smiles for the first time: a boat, probably the ferry, has seen it.",,
Question,english,Reading Comprehension,6,4,reading-y6#keeper:6,Which sentence best sums up the whole passage?,"When her father is late, Isla bravely lights the lamp on her own to guide a boat through the storm. | Isla climbs a lighthouse to watch a storm. | Isla's father teaches her how to light the lamp. | A ferry sinks in a storm.","When her father is late, Isla bravely lights the lamp on her own to guide a boat through the storm.","A summary covers the whole passage, not just one part. The first choice only describes the first paragraph.",,
Question,english,Reading Comprehension,6,5,reading-y6#keeper:7,"Why does the writer include her father's promise, ""Back by six"", in paragraph 2?","To show he is late, which builds worry and explains why Isla must act. | To tell us what time the story starts. | To show that her father is always on time. | To describe the weather.","To show he is late, which builds worry and explains why Isla must act.","Straight after the promise we learn it is half past seven. The promise makes his lateness, and the danger, clear.",,
Question,english,Reading Comprehension,6,5,reading-y6#keeper:8,What is most likely to happen next?,Isla's father arrives safely on the ferry. | Isla switches off the lamp and goes to bed. | Isla swims to the mainland. | The lighthouse falls into the sea.,Isla's father arrives safely on the ferry.,"The horn answering the light, and Isla smiling, suggest the ferry has seen the light and will reach safety.",,
Question,english,Reading Comprehension,6,1,reading-y6#great-fire:0,Where did the fire start?,In a bakery on Pudding Lane | In St Paul's Cathedral | In Samuel Pepys's house | In a brick factory,In a bakery on Pudding Lane,"The first sentence says it ""broke out in a bakery on Pudding Lane"".",,
Question,english,Reading Comprehension,6,1,reading-y6#great-fire:1,How long did the fire last?,Four days | One night | Four weeks | Two days,Four days,"Paragraph 4: ""four days later"".",,
Question,english,Reading Comprehension,6,2,reading-y6#great-fire:2,"""Their upper floors jutted out over the street."" What does ""jutted out"" mean here?",stuck out | fell down | were painted | were hidden,stuck out,Jutted out means stuck out. The top floors stuck out so far that houses almost touched.,,
Question,english,Reading Comprehension,6,2,reading-y6#great-fire:3,Which of these helped the fire to spread quickly?,The houses were made of timber and built close together. | The houses were made of brick and stone. | It was raining heavily. | There were no streets.,The houses were made of timber and built close together.,"Paragraph 2: timber houses, narrow streets, a dry summer and a strong wind. Brick and stone came later, when London was rebuilt.",,
Question,english,Reading Comprehension,6,3,reading-y6#great-fire:4,"In this text, what is a ""firebreak""?",A gap that the fire cannot cross | A short rest for the people fighting the fire | A bucket of water | A type of gunpowder,A gap that the fire cannot cross,"The text explains it: ""gaps, called firebreaks, that the fire could not cross"". It isn't a break as in a rest.",,
Question,english,Reading Comprehension,6,3,reading-y6#great-fire:5,Which paragraph explains how people fought the fire?,Paragraph 3 | Paragraph 1 | Paragraph 4 | Paragraph 5,Paragraph 3,"Paragraph 3 describes buckets, squirts and firebreaks.",,
Question,english,Reading Comprehension,6,4,reading-y6#great-fire:6,Why does the writer mention that the summer had been long and dry?,"Dry wood burns easily, so it helps explain why the fire spread so fast. | To show it was a good summer holiday. | Because the fire happened in winter. | To show there was plenty of water.","Dry wood burns easily, so it helps explain why the fire spread so fast.",The sentence is in the paragraph about why the fire spread. Dry timber catches fire more easily.,,
Question,english,Reading Comprehension,6,4,reading-y6#great-fire:7,Why does the text mention Samuel Pepys?,To explain how we know so much about the fire | Because he started the fire | Because he designed the new St Paul's | Because he was the baker,To explain how we know so much about the fire,"""We know a great deal about these days because of people like Samuel Pepys, who described them in his diary.""",,
Question,english,Reading Comprehension,6,5,reading-y6#great-fire:8,How was London different after it was rebuilt?,More buildings were made of brick and stone instead of timber. | The streets were made even narrower. | St Paul's Cathedral was never rebuilt. | All the houses were made of wood again.,More buildings were made of brick and stone instead of timber.,"Compare paragraph 2 (timber houses) with paragraph 5 (""more buildings of brick and stone"").",,
Question,english,Reading Comprehension,6,5,reading-y6#great-fire:9,Which heading would best sum up the last paragraph?,A new London | How the fire started | Pepys's diary | Fighting the flames,A new London,The last paragraph is about rebuilding London and the new St Paul's.,,
Question,english,Reading Comprehension,6,1,reading-y6#leaves:0,What is the green substance in leaves called?,chlorophyll | photosynthesis | carbon dioxide | maple,chlorophyll,"Paragraph 2: ""a green substance called chlorophyll"". Photosynthesis is the process, not the substance.",,
Question,english,Reading Comprehension,6,1,reading-y6#leaves:1,When does the tree stop making chlorophyll?,When the days grow shorter and colder | In the middle of summer | When it rains | When new leaves grow in spring,When the days grow shorter and colder,"Paragraph 3: ""As the days grow shorter and colder, the tree stops making chlorophyll"".",,
Question,english,Reading Comprehension,6,2,reading-y6#leaves:2,"""Many trees put on a spectacular show."" Which word means the same as ""spectacular""?",amazing | boring | noisy | tiny,amazing,Spectacular means amazing and impressive to look at.,,
Question,english,Reading Comprehension,6,2,reading-y6#leaves:3,Which colours were in the leaf all along?,Yellow and orange | Red and purple | Only green | Blue and brown,Yellow and orange,"Paragraph 3: ""Yellow and orange colours, which were in the leaf all along"". The red is made new in autumn.",,
Question,english,Reading Comprehension,6,3,reading-y6#leaves:4,Why can't we see the yellow colours in summer?,The green chlorophyll hides them. | They haven't been made yet. | The sun bleaches them. | Leaves are yellow in summer.,The green chlorophyll hides them.,"Paragraph 2: the green ""hides everything else"". The yellow is already there.",,
Question,english,Reading Comprehension,6,3,reading-y6#leaves:5,The first paragraph ends with a question. Why?,To make the reader curious to find out the answer | Because the writer doesn't know the answer | To tell the reader to stop reading | To list the colours,To make the reader curious to find out the answer,A question at the start of an information text hooks the reader; the rest of the text answers it.,,
Question,english,Reading Comprehension,6,4,reading-y6#leaves:6,Which sentence best sums up paragraph 4?,"A sealing layer forms, the leaf falls, and the tree saves water and energy for winter. | Trees grow new leaves in spring. | Leaves turn yellow and orange. | Chlorophyll helps the tree make food.","A sealing layer forms, the leaf falls, and the tree saves water and energy for winter.","The first choice covers the whole paragraph. ""Trees grow new leaves in spring"" is only its last few words.",,
Question,english,Reading Comprehension,6,5,reading-y6#leaves:7,What is the difference between the yellow and the red colours in autumn leaves?,The yellow was there all along; the red is newly made in autumn by some trees. | Both are newly made in autumn. | The red was there all along; the yellow is new. | There is no difference.,The yellow was there all along; the red is newly made in autumn by some trees.,"Paragraph 3 says yellow and orange ""were in the leaf all along"", but some trees ""make new red colours in autumn"".",,
Question,english,Reading Comprehension,6,1,reading-y6#last-train:0,What time does the station clock say?,Ten past nine | Nine o'clock | Ten to nine | Half past nine,Ten past nine,"Line 1: ""ten past nine"".",,
Question,english,Reading Comprehension,6,2,reading-y6#last-train:1,"""A paper cup goes cartwheeling."" What is the cup doing?",Tumbling over and over in the wind | Being carried by a passenger | Standing still on a bench | Being thrown into a bin,Tumbling over and over in the wind,"A cartwheel turns over and over. The cup is being blown along, turning as it goes.",,
Question,english,Reading Comprehension,6,2,reading-y6#last-train:2,How does the speaker seem to feel on the platform at the start?,Cold and alone | Hot and tired | Excited and busy | Angry and loud,Cold and alone,"The platform is ""cold and bare"" and the air is ""empty"": there is no one else there.",,
Question,english,Reading Comprehension,6,3,reading-y6#last-train:3,"The train's light is first ""a silver thread"". What does this suggest?","At first it is a thin, faint line of light far away. | The train is made of silver. | Someone is sewing. | The light is very close and bright.","At first it is a thin, faint line of light far away.","A thread is thin. Far away, the light looks like a thin line that ""begins to grow"" as the train gets closer.",,
Question,english,Reading Comprehension,6,3,reading-y6#last-train:4,"""The doors sigh open."" Why does the poet use the word ""sigh""?","It makes the doors sound gentle and relieved, like a person breathing out. | Because the doors are broken. | To make the doors sound loud and scary. | Because the train is sad.","It makes the doors sound gentle and relieved, like a person breathing out.",Giving the doors a human action (personification) makes the moment feel calm and welcoming.,,
Question,english,Reading Comprehension,6,4,reading-y6#last-train:5,Which word in verse 2 compares the train to something in space?,comet | thread | rails | silver,comet,A comet is a bright object moving through space: the train's light moving through the dark.,,
Question,english,Reading Comprehension,6,4,reading-y6#last-train:6,"In the last verse, how have the speaker's feelings changed?",They now feel safe and warm instead of cold and lonely. | They feel more frightened than before. | They are angry that the train was late. | Their feelings have not changed.,They now feel safe and warm instead of cold and lonely.,"Verse 1 is ""cold and bare""; verse 3 is ""warm and bright"" and ""safe inside"".",,
Question,english,Reading Comprehension,6,5,reading-y6#last-train:7,How is the poem organised?,"It follows the journey in order: waiting, the train arriving, then riding home. | It starts at home and goes back in time. | Each verse is about a different person. | It is a list of train times.","It follows the journey in order: waiting, the train arriving, then riding home.","Verse 1 waits on the platform, verse 2 sees the train coming, verse 3 is on board heading home.",,
Question,english,Reading Comprehension,6,5,reading-y6#last-train:8,"""I'm swallowed, safe inside."" Why is ""swallowed"" a good choice of word?","It makes the train seem like a creature taking the speaker in, and ""safe"" shows this feels comforting. | It shows the speaker is eating on the train. | It shows the train is dangerous. | It means the speaker is very small.","It makes the train seem like a creature taking the speaker in, and ""safe"" shows this feels comforting.","Swallowed makes the train seem alive, but ""safe"" tells us the feeling is comfort, not fear.",,
Question,english,Reading Comprehension,6,1,reading-y6#library:0,When does the Reading Club meet?,Every Saturday | Every Sunday | After school on Fridays | Once a year,Every Saturday,"Paragraph 2: ""Every Saturday, the Reading Club…"".",,
Question,english,Reading Comprehension,6,1,reading-y6#library:1,Why might the council close the library?,To save money | Because it is too noisy | Because nobody uses it | Because it needs new books,To save money,"Paragraph 1: ""the council may close it next year to save money"".",,
Question,english,Reading Comprehension,6,2,reading-y6#library:2,"""This would be a serious mistake."" Which word could replace ""serious"" without changing the meaning?",big | funny | small | quiet,big,"Here ""serious"" means important or big. It isn't about someone being solemn.",,
Question,english,Reading Comprehension,6,2,reading-y6#library:3,What is the main purpose of this letter?,To persuade the councillor to keep the library open | To tell a story about a library | To complain about her brother | To explain how to use a computer,To persuade the councillor to keep the library open,"The first line says so: ""I am writing to ask you to keep Brookfield Library open.""",,
Question,english,Reading Comprehension,6,3,reading-y6#library:4,"Why does Amara use the words ""Firstly"" and ""Secondly""?","To organise her reasons clearly, one after another | To show her first reason is less important | To show she is unsure | To count the books","To organise her reasons clearly, one after another","Words like ""firstly"" and ""secondly"" signpost each new reason in a persuasive text.",,
Question,english,Reading Comprehension,6,3,reading-y6#library:5,Why does Amara mention her neighbour who is eighty-three?,As an example of someone who needs the librarians' help with technology | To show her neighbour works at the library | Because her neighbour wants the library to close | To show that only older people use the library,As an example of someone who needs the librarians' help with technology,"The neighbour is her example of someone who ""finds technology difficult"" and is helped by the librarians.",,
Question,english,Reading Comprehension,6,4,reading-y6#library:6,"""Where else would we go?"" Why does Amara ask this question?",To make the reader realise the children would have nowhere else to meet | Because she wants the councillor to reply with a place | Because she is lost | To change the subject,To make the reader realise the children would have nowhere else to meet,It's a rhetorical question: she doesn't expect an answer. It makes the reader think about what would be lost.,,
Question,english,Reading Comprehension,6,4,reading-y6#library:7,Which sentence best sums up Amara's argument?,"The library helps the whole community, so it should stay open. | Everything is online now, so libraries are not needed. | Her brother likes revising in quiet places. | Councillors should visit more buildings.","The library helps the whole community, so it should stay open.","Her reasons (friends, homework, computers, help) all support keeping it open. The ""everything is online"" view is the one she argues against.",,
Question,english,Reading Comprehension,6,5,reading-y6#library:8,"How does Amara deal with the view that ""everything is online now""?","She mentions it, then gives reasons against it. | She agrees with it completely. | She ignores it. | She says computers should be banned.","She mentions it, then gives reasons against it.","""Some people say… However…"": she answers the other side's point, which makes her argument stronger.",,
Question,english,Reading Comprehension,6,5,reading-y6#library:9,"Why does Amara end with ""I am sure you will agree""?","It politely assumes the councillor shares her view, which makes it harder to disagree. | It shows she is unsure. | It is a question the councillor must answer. | It lists her reasons.","It politely assumes the councillor shares her view, which makes it harder to disagree.",Sounding confident that the reader agrees is a persuasive technique.,,
Checkpoint form A,maths,Negative Numbers,6,2,negative-numbers:The temperature is −7 °C. It rises by 14 °C. What is the temperature now?,The temperature is −7 °C. It rises by 14 °C. What is the temperature now?,,7,Count up 14 from −7: −7 + 14 = 7 °C.,,
Checkpoint form A,maths,Negative Numbers,6,4,negative-numbers:What is −13 + 3?,What is −13 + 3?,,−10,Start at −13 and count up 3: −10.,,
Checkpoint form A,maths,"Factors, Multiples & Primes",6,2,factors-primes:How many factors does 28 have?,How many factors does 28 have?,,6,"The factors of 28 are 1, 2, 4, 7, 14, 28. That is 6 factors.",,
Checkpoint form A,maths,"Factors, Multiples & Primes",6,4,factors-primes:What is the lowest common multiple (LCM) of 7 and 8?,What is the lowest common multiple (LCM) of 7 and 8?,,56,"Multiples of 7: 7, 14, 21, 28, 35, 42, 49, 56. Multiples of 8: 8, 16, 24, 32, 40, 48, 56. The first one in both lists is 56.",,
Checkpoint form A,maths,Order of Operations,6,2,order-of-operations:4 + 63 ÷ 9 = ?,4 + 63 ÷ 9 = ?,,11,"Brackets first, then × and ÷, then + and −. 63 ÷ 9 = 7, then 4 + 7 = 11.",,
Checkpoint form A,maths,Order of Operations,6,4,order-of-operations:4 × (14 − 9) + 13 = ?,4 × (14 − 9) + 13 = ?,,33,"Brackets first, then × and ÷, then + and −. 14 − 9 = 5, then 4 × 5 = 20, then + 13 = 33.",,
Checkpoint form A,maths,Long Multiplication & Division,6,2,long-multiplication-division:73 × 90 = ?,73 × 90 = ?,,6570,"Split 90 into 90 and 0: 73 × 90 = 6570, 73 × 0 = 0. Add them: 6570 + 0 = 6570.",,
Checkpoint form A,maths,Long Multiplication & Division,6,4,long-multiplication-division:375 ÷ 15 = ?,375 ÷ 15 = ?,,25,"Work through 375 from the left, dividing by 15 each time. Check: 25 × 15 = 375.",,
Checkpoint form A,maths,Fractions (Year 6),6,2,fractions-y6:3/4 + 3/8 = ?,3/4 + 3/8 = ?,,1 1/8,Make the denominators the same: 3/4 = 6/8. Then 6/8 + 3/8 = 9/8 = 1 1/8.,,
Checkpoint form A,maths,Fractions (Year 6),6,4,fractions-y6:2/6 × 1/2 = ?  Give your answer in its simplest form.,2/6 × 1/2 = ?  Give your answer in its simplest form.,,1/6,"Multiply the tops and the bottoms: 2/12, which simplifies to 1/6.",,
Checkpoint form A,maths,Decimals & Percentages,6,2,decimals-percentages:272 ÷ 10 = ?,272 ÷ 10 = ?,,27.2,Dividing by 10 moves each digit 1 place to the right: 27.2.,,
Checkpoint form A,maths,Decimals & Percentages,6,4,decimals-percentages:What is 15% of 220?,What is 15% of 220?,,33,10% of 220 is 22 and 5% is 11. Build 15% from those: 15% of 220 = 33.,,
Checkpoint form A,maths,Algebra,6,2,algebra:5n = 15. What is n?,5n = 15. What is n?,,3,5n means 5 × n. Undo it: 15 ÷ 5 = 3.,,
Checkpoint form A,maths,Algebra,6,4,algebra:The perimeter of a square is P = 4s. What is P when s = 3?,The perimeter of a square is P = 4s. What is P when s = 3?,,12,P = 4 × 3 = 12.,,
Checkpoint form A,maths,"Angles, Area & Averages",6,2,"geometry-statistics:A triangle has angles of 23° and 42°. What is the third angle, in degrees?","A triangle has angles of 23° and 42°. What is the third angle, in degrees?",,115,Angles in a triangle add up to 180°: 180 − 23 − 42 = 115°.,,
Checkpoint form A,maths,"Angles, Area & Averages",6,4,geometry-statistics:A parallelogram has a base of 12 cm and a perpendicular height of 7 cm. What is its area in cm²?,A parallelogram has a base of 12 cm and a perpendicular height of 7 cm. What is its area in cm²?,,84,Area of a parallelogram = base × height = 12 × 7 = 84 cm².,,
Checkpoint form B,maths,Negative Numbers,6,2,negative-numbers:The temperature is −6 °C. It rises by 10 °C. What is the temperature now?,The temperature is −6 °C. It rises by 10 °C. What is the temperature now?,,4,Count up 10 from −6: −6 + 10 = 4 °C.,,
Checkpoint form B,maths,Negative Numbers,6,4,negative-numbers:What is 4 − 30?,What is 4 − 30?,,−26,"30 is 26 more than 4, so 4 − 30 = −26.",,
Checkpoint form B,maths,"Factors, Multiples & Primes",6,2,factors-primes:How many factors does 17 have?,How many factors does 17 have?,,2,"The factors of 17 are 1, 17. That is 2 factors.",,
Checkpoint form B,maths,"Factors, Multiples & Primes",6,4,factors-primes:What is the lowest common multiple (LCM) of 8 and 5?,What is the lowest common multiple (LCM) of 8 and 5?,,40,"Multiples of 8: 8, 16, 24, 32, 40. Multiples of 5: 5, 10, 15, 20, 25, 30, 35, 40. The first one in both lists is 40.",,
Checkpoint form B,maths,Order of Operations,6,2,order-of-operations:17 + 40 ÷ 5 = ?,17 + 40 ÷ 5 = ?,,25,"Brackets first, then × and ÷, then + and −. 40 ÷ 5 = 8, then 17 + 8 = 25.",,
Checkpoint form B,maths,Order of Operations,6,4,order-of-operations:3 × (17 − 9) + 18 = ?,3 × (17 − 9) + 18 = ?,,42,"Brackets first, then × and ÷, then + and −. 17 − 9 = 8, then 3 × 8 = 24, then + 18 = 42.",,
Checkpoint form B,maths,Long Multiplication & Division,6,2,long-multiplication-division:52 × 54 = ?,52 × 54 = ?,,2808,"Split 54 into 50 and 4: 52 × 50 = 2600, 52 × 4 = 208. Add them: 2600 + 208 = 2808.",,
Checkpoint form B,maths,Long Multiplication & Division,6,4,long-multiplication-division:665 ÷ 5 = ?,665 ÷ 5 = ?,,133,"Work through 665 from the left, dividing by 5 each time. Check: 133 × 5 = 665.",,
Checkpoint form B,maths,Fractions (Year 6),6,2,fractions-y6:1/2 + 5/6 = ?,1/2 + 5/6 = ?,,1 1/3,Make the denominators the same: 1/2 = 3/6. Then 3/6 + 5/6 = 8/6 = 1 1/3.,,
Checkpoint form B,maths,Fractions (Year 6),6,4,fractions-y6:3/6 × 1/2 = ?  Give your answer in its simplest form.,3/6 × 1/2 = ?  Give your answer in its simplest form.,,1/4,"Multiply the tops and the bottoms: 3/12, which simplifies to 1/4.",,
Checkpoint form B,maths,Decimals & Percentages,6,2,decimals-percentages:85.8 ÷ 10 = ?,85.8 ÷ 10 = ?,,8.58,Dividing by 10 moves each digit 1 place to the right: 8.58.,,
Checkpoint form B,maths,Decimals & Percentages,6,4,decimals-percentages:What is 45% of 440?,What is 45% of 440?,,198,10% of 440 is 44 and 5% is 22. Build 45% from those: 45% of 440 = 198.,,
Checkpoint form B,maths,Algebra,6,2,algebra:7n = 42. What is n?,7n = 42. What is n?,,6,7n means 7 × n. Undo it: 42 ÷ 7 = 6.,,
Checkpoint form B,maths,Algebra,6,4,algebra:A sequence starts at 7 and goes up by 6 each time. What is the 10th term?,A sequence starts at 7 and goes up by 6 each time. What is the 10th term?,,61,From the 1st term to the 10th there are 9 steps of 6: 7 + 9 × 6 = 61.,,
Checkpoint form B,maths,"Angles, Area & Averages",6,2,"geometry-statistics:A triangle has angles of 43° and 92°. What is the third angle, in degrees?","A triangle has angles of 43° and 92°. What is the third angle, in degrees?",,45,Angles in a triangle add up to 180°: 180 − 43 − 92 = 45°.,,
Checkpoint form B,maths,"Angles, Area & Averages",6,4,geometry-statistics:A parallelogram has a base of 9 cm and a perpendicular height of 9 cm. What is its area in cm²?,A parallelogram has a base of 9 cm and a perpendicular height of 9 cm. What is its area in cm²?,,81,Area of a parallelogram = base × height = 9 × 9 = 81 cm².,,
Checkpoint form A,english,Tricky Spellings,6,2,spelling-words#achieve,Which spelling is correct?,achive | achieve | acheive,achieve,"achieve: ""i"" before ""e"" in achieve.",,
Checkpoint form A,english,Tricky Spellings,6,4,spelling-words#aggressive,Which spelling is correct?,aggressive | aggresive | agressive,aggressive,"aggressive: Double ""g"" and double ""s"".",,
Checkpoint form A,english,Spelling Patterns,6,2,spelling-patterns#10,Which is the correct spelling?,spatious | spacious,spacious,"The root word ""space"" ends in -ce, so it takes -cious.",,
Checkpoint form A,english,Spelling Patterns,6,4,spelling-patterns#25,Which is the correct spelling?,changable | changeable,changeable,"Keep the ""e"" after ""g"" so it still sounds soft: change + able.",,
Checkpoint form A,english,Homophones,6,2,homophones#10,She ___ the team to victory last year.,led | lead,led,"Led is the past tense of the verb ""lead"".",,
Checkpoint form A,english,Homophones,6,4,homophones#27,The cold weather may ___ our plans.,affect | effect,affect,Affect is usually a verb. Effect is usually a noun.,,
Checkpoint form A,english,Grammar,6,2,grammar-y6#5,"Which is the most formal way to say ""find out""?",check out | get | discover | suss out,discover,"In formal writing, ""discover"" replaces ""find out"".",,
Checkpoint form A,english,Grammar,6,4,grammar-y6#14,Which sentence is written in the passive voice?,I broke the window. | The window was broken by me. | I will break the window. | I am breaking the window.,The window was broken by me.,"In a passive sentence the object becomes the subject, with ""be"" + past participle (was broken).",,
Checkpoint form A,english,Punctuation,6,2,punctuation-y6#3,Which sentence describes a shark that eats people?,A man-eating shark swam past. | A man eating shark swam past.,A man-eating shark swam past.,"The hyphen joins ""man-eating"" into one describing word. Without it, it sounds like a man is eating a shark!",,
Checkpoint form A,english,Punctuation,6,4,punctuation-y6#10,Which sentence uses a colon correctly between two clauses?,I knew: what had happened the dog had eaten my homework. | I knew what had happened the dog: had eaten my homework. | I knew what had happened: the dog had eaten my homework. | I knew what: had happened the dog had eaten my homework.,I knew what had happened: the dog had eaten my homework.,The colon comes at the boundary between the clauses. The second clause explains the first.,,
Checkpoint form A,english,Reading Comprehension,6,2,reading-y6#great-fire:2,"""Their upper floors jutted out over the street."" What does ""jutted out"" mean here?",stuck out | fell down | were painted | were hidden,stuck out,Jutted out means stuck out. The top floors stuck out so far that houses almost touched.,,
Checkpoint form A,english,Reading Comprehension,6,4,reading-y6#great-fire:6,Why does the writer mention that the summer had been long and dry?,"Because the fire happened in winter. | To show it was a good summer holiday. | To show there was plenty of water. | Dry wood burns easily, so it helps explain why the fire spread so fast.","Dry wood burns easily, so it helps explain why the fire spread so fast.",The sentence is in the paragraph about why the fire spread. Dry timber catches fire more easily.,,
Checkpoint form B,english,Tricky Spellings,6,2,spelling-words#amateur,Which spelling is correct?,amateur | amatuer | amature,amateur,"amateur: It ends in -eur, like ""chauffeur"".",,
Checkpoint form B,english,Tricky Spellings,6,4,spelling-words#cemetery,Which spelling is correct?,cemetery | cemitery | cemetary,cemetery,"cemetery: Three ""e""s: c-e-m-e-t-e-ry.",,
Checkpoint form B,english,Spelling Patterns,6,2,spelling-patterns#11,Which is the correct spelling?,delicious | delitious,delicious,Delicious ends in -cious.,,
Checkpoint form B,english,Spelling Patterns,6,4,spelling-patterns#26,Which is the correct spelling?,noticable | noticeable,noticeable,"Keep the ""e"" after ""c"" so it still sounds soft: notice + able.",,
Checkpoint form B,english,Homophones,6,2,homophones#11,Old water pipes were sometimes made of ___.,lead | led,lead,"Lead (rhymes with ""bed"") is also a heavy metal.",,
Checkpoint form B,english,Homophones,6,4,homophones#28,The medicine had a good ___.,affect | effect,effect,Effect is usually a noun: an effect.,,
Checkpoint form B,english,Grammar,6,2,grammar-y6#6,"Which is the most formal way to say ""ask for""?",request | beg | shout for | go for,request,"In formal writing, ""request"" replaces ""ask for"".",,
Checkpoint form B,english,Grammar,6,4,grammar-y6#15,"Which is the passive version of ""Our dog ate it.""?",Our dog has eaten it. | It ate our dog. | Our dog was eating it. | It was eaten by our dog.,It was eaten by our dog.,"Passive: the object (it) becomes the subject, plus ""was"" + past participle (eaten).",,
Checkpoint form B,english,Punctuation,6,2,punctuation-y6#4,"The sofa was worn out, so we had it ___.",re-covered | recovered,re-covered,Re-cover (with a hyphen) means cover again. Recover means get better or get back.,,
Checkpoint form B,english,Punctuation,6,4,punctuation-y6#11,What is a colon used for?,To show possession | To end every sentence | To introduce a list or an explanation | To show a question,To introduce a list or an explanation,"A colon (:) can introduce a list, or a clause that explains the first one.",,
Checkpoint form B,english,Reading Comprehension,6,2,reading-y6#great-fire:3,Which of these helped the fire to spread quickly?,There were no streets. | It was raining heavily. | The houses were made of brick and stone. | The houses were made of timber and built close together.,The houses were made of timber and built close together.,"Paragraph 2: timber houses, narrow streets, a dry summer and a strong wind. Brick and stone came later, when London was rebuilt.",,
Checkpoint form B,english,Reading Comprehension,6,4,reading-y6#great-fire:7,Why does the text mention Samuel Pepys?,Because he was the baker | Because he started the fire | Because he designed the new St Paul's | To explain how we know so much about the fire,To explain how we know so much about the fire,"""We know a great deal about these days because of people like Samuel Pepys, who described them in his diary.""",,
Checkpoint form A,science,Classifying Living Things,6,2,classification#2,Which group of vertebrates has feathers?,Birds | Mammals | Reptiles | Amphibians,Birds,Only birds have feathers.,,
Checkpoint form A,science,Classifying Living Things,6,4,classification#10,A whale and a bat are both…,Fish | Reptiles | Birds | Mammals,Mammals,"Both breathe air, have hair and feed their babies milk, so both are mammals.",,
Checkpoint form A,science,"Heart, Blood & Health",6,2,circulatory-system#2,Blood vessels that carry blood back to the heart are called…,Nerves | Veins | Tendons | Arteries,Veins,Veins carry blood back to the heart. Arteries carry it away from the heart.,,
Checkpoint form A,science,"Heart, Blood & Health",6,4,circulatory-system#10,Smoking is especially harmful to which organs?,The teeth only | The heart and lungs | The bones only | The hair and nails,The heart and lungs,Smoking damages the lungs and blood vessels and makes heart disease more likely.,,
Checkpoint form A,science,Evolution & Inheritance,6,2,evolution-inheritance#2,Are offspring usually identical to their parents?,"Yes, always exactly the same | Only in plants | No, they are similar but usually vary | No, they look nothing alike","No, they are similar but usually vary",Offspring are the same kind of living thing as their parents but are not identical. This is called variation.,,
Checkpoint form A,science,Evolution & Inheritance,6,4,evolution-inheritance#10,"If a labrador and a poodle have puppies, the puppies will…",Not be dogs | Look exactly like the poodle | Have no features from either parent | Have a mix of features from both parents,Have a mix of features from both parents,"Offspring inherit characteristics from both parents, so they show a mix.",,
Checkpoint form A,science,Light (Year 6),6,2,light-y6#2,How do we see a book in a lit room?,Light shines out of our eyes onto the book | Light reflects off the book into our eyes | The book makes its own light | We can see without any light,Light reflects off the book into our eyes,"Light travels from a source, bounces off the book, and travels in a straight line into our eyes.",,
Checkpoint form A,science,Light (Year 6),6,4,light-y6#7,Why should you never look directly at the Sun?,Its light is so strong it can damage your eyes | The Sun is too far away to see | It will make the Sun go out | It makes shadows disappear,Its light is so strong it can damage your eyes,"Sunlight is very intense and can permanently damage your eyes, even through sunglasses.",,
Checkpoint form A,science,Electricity (Year 6),6,2,electricity-y6#2,"In a series circuit, what happens to a bulb if you add another cell?",Nothing changes | It changes colour | It gets brighter | It gets dimmer,It gets brighter,"More cells give a higher voltage, so more energy reaches the bulb and it glows brighter.",,
Checkpoint form A,science,Electricity (Year 6),6,4,electricity-y6#10,Why do scientists use symbols in circuit diagrams?,They make circuits work better | They are simple and understood everywhere | They look prettier than drawings | They are secret codes,They are simple and understood everywhere,Standard symbols make circuits quick to draw and easy for anyone to read.,,
Checkpoint form B,science,Classifying Living Things,6,2,classification#3,"Which vertebrate group has dry, scaly skin?",Mammals | Birds | Reptiles | Amphibians,Reptiles,"Reptiles such as lizards and snakes have dry, scaly skin. Amphibians have moist skin.",,
Checkpoint form B,science,Classifying Living Things,6,4,classification#8,Which scientist was a pioneer of classification and gave living things two-part Latin names?,Carl Linnaeus | Charles Darwin | Isaac Newton | Mary Anning,Carl Linnaeus,"Carl Linnaeus created the naming system we still use, such as Homo sapiens for humans.",,
Checkpoint form B,science,"Heart, Blood & Health",6,2,circulatory-system#3,What does blood carry to every part of the body?,Bones | Only water | Oxygen and nutrients | Air bubbles,Oxygen and nutrients,"Blood delivers oxygen from the lungs and nutrients from food, and carries away waste.",,
Checkpoint form B,science,"Heart, Blood & Health",6,4,circulatory-system#8,Which part of the blood helps it clot when you cut yourself?,White blood cells | Red blood cells | Platelets | Plasma,Platelets,Platelets stick together to plug a cut and stop the bleeding.,,
Checkpoint form B,science,Evolution & Inheritance,6,2,evolution-inheritance#3,An arctic fox has thick white fur. This helps it survive in the snow and is an example of…,Photosynthesis | Classification | Adaptation | Evaporation,Adaptation,An adaptation is a feature that helps a living thing survive in its environment.,,
Checkpoint form B,science,Evolution & Inheritance,6,4,evolution-inheritance#8,Which two scientists developed the idea of evolution by natural selection?,Isaac Newton and Albert Einstein | Charles Darwin and Alfred Russel Wallace | Mary Anning and Carl Linnaeus | Marie Curie and Louis Pasteur,Charles Darwin and Alfred Russel Wallace,"Darwin and Wallace both came up with natural selection, and their ideas were presented together in 1858.",,
Checkpoint form B,science,Light (Year 6),6,2,light-y6#3,Why does a shadow have the same shape as the object?,"The object gives out dark light | Light travels in straight lines, so the object blocks light in its own shape | Shadows are copies made by our eyes | Light bends around the object","Light travels in straight lines, so the object blocks light in its own shape","The object blocks the straight-line light rays, leaving a dark area with the same outline.",,
Checkpoint form B,science,Light (Year 6),6,4,light-y6#8,Which material would make the darkest shadow?,Clear glass (transparent) | Tissue paper (translucent) | Cardboard (opaque) | Clear plastic (transparent),Cardboard (opaque),"Opaque materials block all light, so they make the darkest shadows.",,
Checkpoint form B,science,Electricity (Year 6),6,2,electricity-y6#3,What happens to a buzzer if you use a higher-voltage cell?,It gets quieter | It stops working | Nothing changes | It gets louder,It gets louder,"A higher voltage gives the buzzer more energy, so it sounds louder.",,
Checkpoint form B,science,Electricity (Year 6),6,4,electricity-y6#8,"In a circuit diagram, what does a circle with a cross inside it show?",A bulb (lamp) | A buzzer | A cell | A switch,A bulb (lamp),A circle with a cross is the symbol for a lamp (bulb).,,
Strategy tip,maths,Number Sense,1,,tip:number-sense,"Count on or back one step at a time. For bigger numbers, compare the tens digit first.",,,,,
Topic note,maths,Number Sense,1,,note:number-sense:1,"Numbers go up by one each time you count: 17, 18, 19, 20.",,,,,
Topic note,maths,Number Sense,1,,note:number-sense:2,"To compare two numbers, look at the biggest place first. 62 is bigger than 58 because 6 tens is more than 5 tens.",,,,,
Topic note,maths,Number Sense,1,,note:number-sense:3,"Counting in steps (2s, 5s, 10s) means adding the same amount each time.",,,,,
Strategy tip,maths,Addition,1,,tip:addition,"Add the ones first. If they make 10 or more, carry 1 to the tens.",,,,,
Topic note,maths,Addition,1,,note:addition:1,"Line numbers up by place value: ones under ones, tens under tens.",,,,,
Topic note,maths,Addition,1,,note:addition:2,"Add the ones first. If they make 10 or more, write the ones digit and carry 1 ten into the tens column.",,,,,
Topic note,maths,Addition,1,,note:addition:3,"Check by estimating: 47 + 38 is about 50 + 40 = 90, so 85 makes sense.",,,,,
Strategy tip,maths,Subtraction,2,,tip:subtraction,"Start with the ones. If the top digit is smaller, exchange 1 ten for 10 ones first.",,,,,
Topic note,maths,Subtraction,2,,note:subtraction:1,"Always take the bottom number away from the top one, column by column, starting with the ones.",,,,,
Topic note,maths,Subtraction,2,,note:subtraction:2,"If the top digit is smaller, exchange: take 1 ten from the tens column and turn it into 10 ones.",,,,,
Topic note,maths,Subtraction,2,,note:subtraction:3,"Check by adding back: if 52 − 27 = 25, then 25 + 27 should make 52.",,,,,
Strategy tip,maths,Place Value,2,,tip:place-value,"Name the places from the right: ones, tens, hundreds, thousands. To round, look at the next digit: 5 or more rounds up.",,,,,
Topic note,maths,Place Value,2,,note:place-value:1,"Each place is worth 10 times the place to its right: ones, tens, hundreds, thousands.",,,,,
Topic note,maths,Place Value,2,,note:place-value:2,"The value of a digit depends on its place: in 4,732 the 7 is worth 700.",,,,,
Topic note,maths,Place Value,2,,note:place-value:3,"To round, look at the digit just to the right of where you are rounding. 5 or more rounds up; 4 or less rounds down.",,,,,
Strategy tip,maths,Multiplication,3,,tip:multiplication,"Use your times tables, or split the bigger number into tens and ones and multiply each part.",,,,,
Topic note,maths,Multiplication,3,,note:multiplication:1,Multiplying means adding equal groups: 4 × 6 is 4 groups of 6.,,,,,
Topic note,maths,Multiplication,3,,note:multiplication:2,You can multiply in any order: 4 × 6 = 6 × 4.,,,,,
Topic note,maths,Multiplication,3,,note:multiplication:3,"For bigger numbers, split them up: 23 × 4 = 20 × 4 + 3 × 4 = 80 + 12 = 92.",,,,,
Strategy tip,maths,Division,3,,tip:division,Division undoes multiplication: what times the number you're dividing by makes the big number?,,,,,
Topic note,maths,Division,3,,note:division:1,"Dividing means sharing into equal groups, or finding how many groups fit.",,,,,
Topic note,maths,Division,3,,note:division:2,"Division is the inverse (opposite) of multiplication: if 6 × 7 = 42, then 42 ÷ 7 = 6.",,,,,
Strategy tip,maths,Fractions,4,,tip:fractions,"To find a fraction of a number, divide by the bottom number, then multiply by the top number.",,,,,
Topic note,maths,Fractions,4,,note:fractions:1,A fraction is part of a whole. The bottom number (denominator) is how many equal parts; the top number (numerator) is how many of those parts.,,,,,
Topic note,maths,Fractions,4,,note:fractions:2,"To find a fraction of an amount, divide by the denominator, then multiply by the numerator: ¾ of 20 = 20 ÷ 4 × 3 = 15.",,,,,
Topic note,maths,Fractions,4,,note:fractions:3,"If the denominators are the same, add the numerators and keep the denominator: 2/7 + 3/7 = 5/7.",,,,,
Strategy tip,maths,Negative Numbers,6,,tip:negative-numbers,"Picture a number line or a thermometer. Count to 0 first, then carry on past it.",,,,,
Topic note,maths,Negative Numbers,6,,note:negative-numbers:1,"Negative numbers are less than zero, like temperatures below freezing: −5 °C is colder than 0 °C.",,,,,
Topic note,maths,Negative Numbers,6,,note:negative-numbers:2,"On a number line, numbers get bigger to the right and smaller to the left.",,,,,
Topic note,maths,Negative Numbers,6,,note:negative-numbers:3,"To find the difference across zero, count to 0 first, then carry on: from −4 to 6 is 4 + 6 = 10.",,,,,
Strategy tip,maths,"Factors, Multiples & Primes",6,,tip:factors-primes,Factors divide exactly into a number and come in pairs. A prime has exactly two factors: 1 and itself.,,,,,
Topic note,maths,"Factors, Multiples & Primes",6,,note:factors-primes:1,"Factors of a number divide into it exactly. The factors of 12 are 1, 2, 3, 4, 6 and 12.",,,,,
Topic note,maths,"Factors, Multiples & Primes",6,,note:factors-primes:2,"Multiples are in a number's times table: multiples of 4 are 4, 8, 12, 16…",,,,,
Topic note,maths,"Factors, Multiples & Primes",6,,note:factors-primes:3,"A prime number has exactly two factors: 1 and itself (2, 3, 5, 7, 11…). 1 is not prime.",,,,,
Topic note,maths,"Factors, Multiples & Primes",6,,note:factors-primes:4,The highest common factor (HCF) is the biggest factor two numbers share. The lowest common multiple (LCM) is the smallest multiple they share.,,,,,
Strategy tip,maths,Order of Operations,6,,tip:order-of-operations,"Brackets first, then × and ÷, then + and −. Don't just go left to right.",,,,,
Topic note,maths,Order of Operations,6,,note:order-of-operations:1,"Work in this order: Brackets, then × and ÷ (left to right), then + and − (left to right).",,,,,
Topic note,maths,Order of Operations,6,,note:order-of-operations:2,"3 + 4 × 5 = 3 + 20 = 23, not 35.",,,,,
Strategy tip,maths,Long Multiplication & Division,6,,tip:long-multiplication-division,"Split the 2-digit number into tens and ones, multiply each part, then add. For division, estimate first.",,,,,
Topic note,maths,Long Multiplication & Division,6,,note:long-multiplication-division:1,"Long multiplication: multiply by the ones digit, then by the tens digit (remember it is worth tens, so write a 0 first), then add the two rows.",,,,,
Topic note,maths,Long Multiplication & Division,6,,note:long-multiplication-division:2,"Long division: divide from the left, one digit at a time, and carry any remainder to the next digit.",,,,,
Topic note,maths,Long Multiplication & Division,6,,note:long-multiplication-division:3,"Estimate first, then check your answer is close.",,,,,
Strategy tip,maths,Fractions (Year 6),6,,tip:fractions-y6,Adding or subtracting? Make the bottom numbers the same first. Multiplying? Multiply tops and bottoms. Simplify at the end.,,,,,
Topic note,maths,Fractions (Year 6),6,,note:fractions-y6:1,Simplify by dividing the top and bottom by their highest common factor: 12/18 = 2/3.,,,,,
Topic note,maths,Fractions (Year 6),6,,note:fractions-y6:2,"To add or subtract fractions, first make the denominators the same using a common multiple: ½ + ⅓ = 3/6 + 2/6 = 5/6.",,,,,
Topic note,maths,Fractions (Year 6),6,,note:fractions-y6:3,"To multiply fractions, multiply the tops and multiply the bottoms: ½ × ¼ = ⅛.",,,,,
Topic note,maths,Fractions (Year 6),6,,note:fractions-y6:4,"To divide a fraction by a whole number, multiply the denominator: ⅓ ÷ 2 = 1/6.",,,,,
Strategy tip,maths,Decimals & Percentages,6,,tip:decimals-percentages,Per cent means out of 100: 10% is ÷ 10 and 5% is half of 10%. × 10 moves digits one place left.,,,,,
Topic note,maths,Decimals & Percentages,6,,note:decimals-percentages:1,"Per cent means ""out of 100"": 25% = 25/100 = 0.25 = ¼.",,,,,
Topic note,maths,Decimals & Percentages,6,,note:decimals-percentages:2,"To find 10%, divide by 10. 5% is half of 10%. Build other percentages from these: 15% = 10% + 5%.",,,,,
Topic note,maths,Decimals & Percentages,6,,note:decimals-percentages:3,"Multiplying by 10, 100 or 1000 moves digits 1, 2 or 3 places to the left; dividing moves them to the right.",,,,,
Strategy tip,maths,Algebra,6,,tip:algebra,Do the opposite operation to undo each step. 3n means 3 × n.,,,,,
Topic note,maths,Algebra,6,,note:algebra:1,A letter stands for an unknown number. 3n means 3 × n.,,,,,
Topic note,maths,Algebra,6,,note:algebra:2,"To find the unknown, undo each step with the opposite operation: undo + with −, and × with ÷.",,,,,
Topic note,maths,Algebra,6,,note:algebra:3,In a linear sequence the terms go up (or down) by the same amount each time.,,,,,
Strategy tip,maths,"Angles, Area & Averages",6,,tip:geometry-statistics,Straight line and triangle: 180°. Around a point and quadrilateral: 360°. Triangle area = ½ × base × height. Mean = total ÷ how many.,,,,,
Topic note,maths,"Angles, Area & Averages",6,,note:geometry-statistics:1,"Angles on a straight line add up to 180°. Angles in a triangle add up to 180°. Angles around a point, and in a quadrilateral, add up to 360°.",,,,,
Topic note,maths,"Angles, Area & Averages",6,,note:geometry-statistics:2,Area of a triangle = ½ × base × perpendicular height. Area of a parallelogram = base × perpendicular height.,,,,,
Topic note,maths,"Angles, Area & Averages",6,,note:geometry-statistics:3,The diameter of a circle is twice the radius.,,,,,
Topic note,maths,"Angles, Area & Averages",6,,note:geometry-statistics:4,The mean is the total of all the numbers divided by how many numbers there are.,,,,,
Strategy tip,science,Living Things,2,,tip:living-things,"Think about what living things need: food, water, air and (for plants) light.",,,,,
Topic note,science,Living Things,2,,note:living-things:1,"Living things grow, need food and water, and produce young.",,,,,
Topic note,science,Living Things,2,,note:living-things:2,"Plants make their own food using sunlight, water and carbon dioxide (photosynthesis).",,,,,
Topic note,science,Living Things,2,,note:living-things:3,"Herbivores eat plants, carnivores eat meat and omnivores eat both.",,,,,
Strategy tip,science,Human Body,3,,tip:human-body,Picture where the organ is in the body and what job it does.,,,,,
Topic note,science,Human Body,3,,note:human-body:1,"The heart pumps blood, the lungs take in oxygen, and the brain controls the body.",,,,,
Topic note,science,Human Body,3,,note:human-body:2,Bones protect organs and support the body; muscles pull on bones to move them.,,,,,
Topic note,science,Human Body,3,,note:human-body:3,"Food travels from the mouth down the oesophagus to the stomach, then the intestines.",,,,,
Strategy tip,science,Materials & Matter,4,,tip:materials,"Think about solids, liquids and gases, and what happens when things heat up or cool down.",,,,,
Topic note,science,Materials & Matter,4,,note:materials:1,"Matter can be a solid (keeps its shape), a liquid (flows, takes the shape of its container) or a gas (spreads out to fill any space).",,,,,
Topic note,science,Materials & Matter,4,,note:materials:2,Heating can melt solids and evaporate liquids; cooling can condense gases and freeze liquids.,,,,,
Topic note,science,Materials & Matter,4,,note:materials:3,Pure water freezes at 0 °C and boils at 100 °C (at sea level).,,,,,
Strategy tip,science,Forces & Energy,4,,tip:forces-energy,Forces are pushes and pulls. Think about which way things move and what slows them down.,,,,,
Topic note,science,Forces & Energy,4,,note:forces-energy:1,A force is a push or a pull. Gravity pulls things towards the Earth; friction slows moving things.,,,,,
Topic note,science,Forces & Energy,4,,note:forces-energy:2,Magnets attract iron and steel. Like poles repel; opposite poles attract.,,,,,
Topic note,science,Forces & Energy,4,,note:forces-energy:3,"Light travels in straight lines, and sound is made by vibrations.",,,,,
Strategy tip,science,Earth & Space,5,,tip:earth-space,Remember: Earth spins once a day and travels round the Sun once a year.,,,,,
Topic note,science,Earth & Space,5,,note:earth-space:1,The Earth spins once a day (giving day and night) and orbits the Sun once a year.,,,,,
Topic note,science,Earth & Space,5,,note:earth-space:2,The Moon orbits the Earth and reflects light from the Sun.,,,,,
Topic note,science,Earth & Space,5,,note:earth-space:3,The seasons are caused by the tilt of the Earth's axis.,,,,,
Strategy tip,science,Classifying Living Things,6,,tip:classification,"Vertebrates have a backbone: fish, amphibians, reptiles, birds and mammals.",,,,,
Topic note,science,Classifying Living Things,6,,note:classification:1,"Living things are sorted into groups by their features: micro-organisms, plants and animals.",,,,,
Topic note,science,Classifying Living Things,6,,note:classification:2,"Vertebrates have a backbone: fish, amphibians, reptiles, birds and mammals. Invertebrates do not.",,,,,
Topic note,science,Classifying Living Things,6,,note:classification:3,Carl Linnaeus created the naming system scientists still use.,,,,,
Strategy tip,science,"Heart, Blood & Health",6,,tip:circulatory-system,The heart pumps blood; arteries carry it away from the heart and veins bring it back.,,,,,
Topic note,science,"Heart, Blood & Health",6,,note:circulatory-system:1,"The circulatory system is the heart, blood vessels and blood.",,,,,
Topic note,science,"Heart, Blood & Health",6,,note:circulatory-system:2,Arteries carry blood away from the heart; veins carry it back; tiny capillaries connect them.,,,,,
Topic note,science,"Heart, Blood & Health",6,,note:circulatory-system:3,"Blood carries oxygen, nutrients and water around the body. Exercise and a healthy diet keep the heart healthy; smoking harms it.",,,,,
Strategy tip,science,Evolution & Inheritance,6,,tip:evolution-inheritance,Living things with helpful features survive and pass those features on to their young.,,,,,
Topic note,science,Evolution & Inheritance,6,,note:evolution-inheritance:1,Offspring inherit features from their parents but are not identical to them (variation).,,,,,
Topic note,science,Evolution & Inheritance,6,,note:evolution-inheritance:2,Adaptations are features that help living things survive in their environment.,,,,,
Topic note,science,Evolution & Inheritance,6,,note:evolution-inheritance:3,"Over many generations, the best-adapted survive and pass on their features. This is natural selection, described by Darwin and Wallace.",,,,,
Topic note,science,Evolution & Inheritance,6,,note:evolution-inheritance:4,Fossils show what living things were like millions of years ago.,,,,,
Strategy tip,science,Light (Year 6),6,,tip:light-y6,"Light travels in straight lines, from a source to an object and into your eyes.",,,,,
Topic note,science,Light (Year 6),6,,note:light-y6:1,Light travels in straight lines.,,,,,
Topic note,science,Light (Year 6),6,,note:light-y6:2,"We see things when light from a source, or light reflected off an object, travels into our eyes.",,,,,
Topic note,science,Light (Year 6),6,,note:light-y6:3,"Shadows form when an object blocks light, so they have the same shape as the object.",,,,,
Strategy tip,science,Electricity (Year 6),6,,tip:electricity-y6,A series circuit is one loop. More cells: brighter. More bulbs: dimmer.,,,,,
Topic note,science,Electricity (Year 6),6,,note:electricity-y6:1,"A series circuit is one complete loop. If there is a gap, nothing works.",,,,,
Topic note,science,Electricity (Year 6),6,,note:electricity-y6:2,More cells (a higher voltage) make bulbs brighter and buzzers louder. More bulbs on the same cell make each one dimmer.,,,,,
Topic note,science,Electricity (Year 6),6,,note:electricity-y6:3,"Circuit diagrams use standard symbols for cells, bulbs, switches, buzzers and motors.",,,,,
Strategy tip,english,Tricky Spellings,6,,tip:spelling-words,Say the word slowly in syllables. Look out for double letters and silent letters.,,,,,
Topic note,english,Tricky Spellings,6,,note:spelling-words:1,"These are words Year 5 and 6 pupils are expected to spell. Many have double letters (accommodate), silent letters (yacht) or unusual patterns (queue).",,,,,
Topic note,english,Tricky Spellings,6,,note:spelling-words:2,"Try ""look, say, cover, write, check"", and break long words into syllables.",,,,,
Strategy tip,english,Spelling Patterns,6,,tip:spelling-patterns,"Think of a related word: caution → cautious, observation → observant, finance → financial.",,,,,
Topic note,english,Spelling Patterns,6,,note:spelling-patterns:1,"-cious/-tious: if the root word ends in -ce, use -cious (space → spacious).",,,,,
Topic note,english,Spelling Patterns,6,,note:spelling-patterns:2,-cial comes after a vowel (special); -tial after a consonant (partial).,,,,,
Topic note,english,Spelling Patterns,6,,note:spelling-patterns:3,-able if you can hear a whole word before it (dependable); otherwise often -ible (possible).,,,,,
Topic note,english,Spelling Patterns,6,,note:spelling-patterns:4,"i before e except after c, when the sound is ""ee"": receive, ceiling.",,,,,
Strategy tip,english,Homophones,6,,tip:homophones,"Work out what the word has to mean in this sentence, then pick the spelling with that meaning.",,,,,
Topic note,english,Homophones,6,,note:homophones:1,Homophones sound the same but have different meanings and spellings.,,,,,
Topic note,english,Homophones,6,,note:homophones:2,"In British English, practice and advice (with c) are nouns; practise and advise (with s) are verbs.",,,,,
Topic note,english,Homophones,6,,note:homophones:3,Affect is usually a verb and effect is usually a noun.,,,,,
Strategy tip,english,Grammar,6,,tip:grammar-y6,Find the verb first. The subject does the verb; the object has it done to them.,,,,,
Topic note,english,Grammar,6,,note:grammar-y6:1,The subject does the verb; the object has the verb done to it.,,,,,
Topic note,english,Grammar,6,,note:grammar-y6:2,"Active: ""The dog ate it."" Passive: ""It was eaten by the dog."" The passive uses was/were + a past participle.",,,,,
Topic note,english,Grammar,6,,note:grammar-y6:3,"Formal writing uses words like ""request"" and ""discover"" instead of ""ask for"" and ""find out"", and the subjunctive ""If I were…"".",,,,,
Topic note,english,Grammar,6,,note:grammar-y6:4,"Synonyms mean the same (big, large). Antonyms are opposites (big, small).",,,,,
Strategy tip,english,Punctuation,6,,tip:punctuation-y6,Check whether each part could stand on its own as a sentence.,,,,,
Topic note,english,Punctuation,6,,note:punctuation-y6:1,A semi-colon joins two clauses that could each be a sentence: It's raining; I'm fed up.,,,,,
Topic note,english,Punctuation,6,,note:punctuation-y6:2,A colon introduces a list or an explanation.,,,,,
Topic note,english,Punctuation,6,,note:punctuation-y6:3,A dash can also mark the boundary between two clauses.,,,,,
Topic note,english,Punctuation,6,,note:punctuation-y6:4,Hyphens join words to avoid confusion: a man-eating shark.,,,,,
Strategy tip,english,Reading Comprehension,6,,tip:reading-y6,Go back to the text. Find the part the question is about and read it again before choosing.,,,,,
Topic note,english,Reading Comprehension,6,,note:reading-y6:1,"Finding information: look for key words from the question in the text, then read the whole sentence around them.",,,,,
Topic note,english,Reading Comprehension,6,,note:reading-y6:2,"Inference means working something out from clues. Ask: what does the text show, even if it doesn't say it?",,,,,
Topic note,english,Reading Comprehension,6,,note:reading-y6:3,Word meanings: read the whole sentence. A word can mean something different in a story from its everyday meaning.,,,,,
Topic note,english,Reading Comprehension,6,,note:reading-y6:4,"A summary covers the main idea of the whole part, not just one detail.",,,,,
Topic note,english,Reading Comprehension,6,,note:reading-y6:5,"Similes compare using ""like"" or ""as""; personification gives human actions to things. Ask what picture they create.",,,,,
Reading text,english,Reading Comprehension,6,,passage:keeper,"The Keeper's Daughter (Story)

The storm had been building all afternoon. By the time Isla climbed the last of the hundred and twelve steps, the windows of the lamp room were rattling in their frames like loose teeth. Below her, the sea hurled itself at the rocks, then drew back, gathering strength for the next attack.

Her father had gone to the mainland that morning to fetch a new part for the lamp. ""Back by six,"" he had promised, ruffling her hair. It was now half past seven, and the little ferry had not returned.

Isla knew what she had to do. She had watched her father light the great lamp a thousand times, though she had never been allowed to touch the brass handle herself. Her fingers trembled as she wound the mechanism, counting each turn under her breath exactly as he did: ""Twenty-one, twenty-two, twenty-three.""

With a low hum, the lamp began to turn. A beam of white light swept across the water, once, twice, three times. Somewhere out in the darkness, a horn sounded: three short blasts. Isla pressed her face to the cold glass and, for the first time that evening, she smiled.",,,,,
Reading text,english,Reading Comprehension,6,,passage:great-fire,"The Great Fire of London (Information)

In the early hours of Sunday 2 September 1666, a fire broke out in a bakery on Pudding Lane in the City of London. The baker, Thomas Farriner, had gone to bed believing his oven was safe. Within hours, the flames had spread to the houses around it.

At the time, London's streets were narrow and crowded. Most houses were built from timber, and their upper floors jutted out over the street, so that buildings on opposite sides almost touched. The summer had been long and dry, and a strong wind from the east blew the fire from one street to the next.

People tried to stop the fire with leather buckets of water and hand-held squirts, but these were no match for the blaze. Eventually, houses were pulled down or blown up with gunpowder to create gaps, called firebreaks, that the fire could not cross.

By the time the fire was put out, four days later, much of the City lay in ruins, including the old St Paul's Cathedral. We know a great deal about these days because of people like Samuel Pepys, who described them in his diary.

London was rebuilt, this time with more buildings of brick and stone. The architect Christopher Wren designed a new St Paul's Cathedral, which still stands today.",,,,,
Reading text,english,Reading Comprehension,6,,passage:leaves,"Why Do Leaves Change Colour? (Information)

Every autumn, many trees in Britain put on a spectacular show. Leaves that were green all summer turn yellow, orange, red and brown before falling to the ground. But where do these colours come from?

During spring and summer, leaves are packed with a green substance called chlorophyll. Chlorophyll allows the tree to capture energy from sunlight and use it to make food from water and carbon dioxide. This process is called photosynthesis. There is so much chlorophyll in a leaf that its green colour hides everything else.

As the days grow shorter and colder, the tree stops making chlorophyll, and the green slowly breaks down. Yellow and orange colours, which were in the leaf all along, can now be seen. Some trees, such as certain maples, also make new red colours in autumn.

Finally, a layer of special cells forms where each leaf joins its twig. This seals the leaf off, and before long it drops. By losing their leaves, trees save water and energy through the winter, ready to grow new leaves in spring.",,,,,
Reading text,english,Reading Comprehension,6,,passage:last-train,"The Last Train Home (Poem)

The station clock says ten past nine,
the platform's cold and bare;
a paper cup goes cartwheeling
through empty evening air.

Then, far away, a silver thread
of light begins to grow;
it slides along the sleeping rails,
a comet, low and slow.

The doors sigh open, warm and bright;
I'm swallowed, safe inside.
The dark rolls past like velvet sea,
and home is one more ride.",,,,,
Reading text,english,Reading Comprehension,6,,passage:library,"Save Our Library! (Letter)

Dear Councillor Patel,

I am writing to ask you to keep Brookfield Library open. I have heard that the council may close it next year to save money, and I believe this would be a serious mistake.

Firstly, the library is much more than a building full of books. Every Saturday, the Reading Club brings together children from different schools, and many of us have made friends there. Where else would we go?

Secondly, not every family can afford to buy books or has a quiet place to do homework. The library gives everyone the same chance, whatever their background. My older brother did all his revision there because our flat is too noisy.

Some people say that everything is online now, so libraries are no longer needed. However, the library's computers are free to use, and the librarians help people who find technology difficult, such as my neighbour, who is eighty-three.

Please visit the library on a Saturday morning and see for yourself how important it is. I am sure you will agree that closing it would be a loss for the whole community.

Yours sincerely,
Amara Okafor (aged 11)",,,,,
Spelling test sentence,english,SATs spelling,6,,dictation:accommodate,The hotel can accommodate two hundred guests.,,accommodate,,,
Spelling test sentence,english,SATs spelling,6,,dictation:accompany,Will you accompany me to the shops?,,accompany,,,
Spelling test sentence,english,SATs spelling,6,,dictation:according,"According to the map, the castle is nearby.",,according,,,
Spelling test sentence,english,SATs spelling,6,,dictation:achieve,"If you practise every day, you can achieve your goal.",,achieve,,,
Spelling test sentence,english,SATs spelling,6,,dictation:aggressive,The dog became aggressive when a stranger came near.,,aggressive,,,
Spelling test sentence,english,SATs spelling,6,,dictation:amateur,My uncle is an amateur photographer.,,amateur,,,
Spelling test sentence,english,SATs spelling,6,,dictation:ancient,We visited an ancient Roman fort.,,ancient,,,
Spelling test sentence,english,SATs spelling,6,,dictation:apparent,It was apparent that nobody had tidied up.,,apparent,,,
Spelling test sentence,english,SATs spelling,6,,dictation:appreciate,I really appreciate your help.,,appreciate,,,
Spelling test sentence,english,SATs spelling,6,,dictation:attached,A note was attached to the present.,,attached,,,
Spelling test sentence,english,SATs spelling,6,,dictation:available,Tickets are available at the door.,,available,,,
Spelling test sentence,english,SATs spelling,6,,dictation:average,The average age of the team is eleven.,,average,,,
Spelling test sentence,english,SATs spelling,6,,dictation:awkward,There was an awkward silence after the joke.,,awkward,,,
Spelling test sentence,english,SATs spelling,6,,dictation:bargain,The bike was a bargain at only ten pounds.,,bargain,,,
Spelling test sentence,english,SATs spelling,6,,dictation:bruise,I got a bruise on my knee when I fell.,,bruise,,,
Spelling test sentence,english,SATs spelling,6,,dictation:category,Which category does a whale belong to?,,category,,,
Spelling test sentence,english,SATs spelling,6,,dictation:cemetery,The old cemetery is next to the church.,,cemetery,,,
Spelling test sentence,english,SATs spelling,6,,dictation:committee,The school council is a committee of pupils.,,committee,,,
Spelling test sentence,english,SATs spelling,6,,dictation:communicate,Dolphins communicate using clicks and whistles.,,communicate,,,
Spelling test sentence,english,SATs spelling,6,,dictation:community,The whole community helped to clean the park.,,community,,,
Spelling test sentence,english,SATs spelling,6,,dictation:competition,Our class won the poetry competition.,,competition,,,
Spelling test sentence,english,SATs spelling,6,,dictation:conscience,My conscience told me to own up.,,conscience,,,
Spelling test sentence,english,SATs spelling,6,,dictation:conscious,She was conscious of everyone looking at her.,,conscious,,,
Spelling test sentence,english,SATs spelling,6,,dictation:controversy,The new rule caused a lot of controversy.,,controversy,,,
Spelling test sentence,english,SATs spelling,6,,dictation:convenience,"For your convenience, the shop opens early.",,convenience,,,
Spelling test sentence,english,SATs spelling,6,,dictation:correspond,I correspond with a pen pal in France.,,correspond,,,
Spelling test sentence,english,SATs spelling,6,,dictation:criticise,It is easy to criticise but harder to help.,,criticise,,,
Spelling test sentence,english,SATs spelling,6,,dictation:curiosity,Curiosity made the cat look inside the box.,,curiosity,,,
Spelling test sentence,english,SATs spelling,6,,dictation:definite,We need a definite answer by Friday.,,definite,,,
Spelling test sentence,english,SATs spelling,6,,dictation:desperate,"After the long walk, we were desperate for a drink.",,desperate,,,
Spelling test sentence,english,SATs spelling,6,,dictation:determined,She was determined to finish the race.,,determined,,,
Spelling test sentence,english,SATs spelling,6,,dictation:develop,Tadpoles develop into frogs.,,develop,,,
Spelling test sentence,english,SATs spelling,6,,dictation:dictionary,Look the word up in the dictionary.,,dictionary,,,
Spelling test sentence,english,SATs spelling,6,,dictation:disastrous,Forgetting the tent was a disastrous mistake.,,disastrous,,,
Spelling test sentence,english,SATs spelling,6,,dictation:embarrass,Please don't embarrass me in front of my friends.,,embarrass,,,
Spelling test sentence,english,SATs spelling,6,,dictation:environment,We must look after the environment.,,environment,,,
Spelling test sentence,english,SATs spelling,6,,dictation:equipment,Put the PE equipment back in the cupboard.,,equipment,,,
Spelling test sentence,english,SATs spelling,6,,dictation:especially,"I love fruit, especially strawberries.",,especially,,,
Spelling test sentence,english,SATs spelling,6,,dictation:exaggerate,Don't exaggerate: it wasn't a million spiders!,,exaggerate,,,
Spelling test sentence,english,SATs spelling,6,,dictation:excellent,That was an excellent piece of writing.,,excellent,,,
Spelling test sentence,english,SATs spelling,6,,dictation:existence,Scientists argue about the existence of life on other planets.,,existence,,,
Spelling test sentence,english,SATs spelling,6,,dictation:explanation,The teacher gave a clear explanation.,,explanation,,,
Spelling test sentence,english,SATs spelling,6,,dictation:familiar,Her face looked familiar.,,familiar,,,
Spelling test sentence,english,SATs spelling,6,,dictation:foreign,Learning a foreign language is fun.,,foreign,,,
Spelling test sentence,english,SATs spelling,6,,dictation:forty,There are forty children in the choir.,,forty,,,
Spelling test sentence,english,SATs spelling,6,,dictation:frequently,Buses run frequently in the city.,,frequently,,,
Spelling test sentence,english,SATs spelling,6,,dictation:government,The government made a new law.,,government,,,
Spelling test sentence,english,SATs spelling,6,,dictation:guarantee,I can't guarantee it will be sunny.,,guarantee,,,
Spelling test sentence,english,SATs spelling,6,,dictation:harass,It is wrong to harass other people online.,,harass,,,
Spelling test sentence,english,SATs spelling,6,,dictation:hindrance,The heavy bag was a hindrance on the hike.,,hindrance,,,
Spelling test sentence,english,SATs spelling,6,,dictation:identity,The spy kept his identity secret.,,identity,,,
Spelling test sentence,english,SATs spelling,6,,dictation:immediately,Come inside immediately; it's pouring!,,immediately,,,
Spelling test sentence,english,SATs spelling,6,,dictation:individual,Each individual pupil gets a certificate.,,individual,,,
Spelling test sentence,english,SATs spelling,6,,dictation:interfere,Please don't interfere with the experiment.,,interfere,,,
Spelling test sentence,english,SATs spelling,6,,dictation:interrupt,It is rude to interrupt someone who is speaking.,,interrupt,,,
Spelling test sentence,english,SATs spelling,6,,dictation:language,Welsh is a language spoken in Wales.,,language,,,
Spelling test sentence,english,SATs spelling,6,,dictation:leisure,The leisure centre has a new pool.,,leisure,,,
Spelling test sentence,english,SATs spelling,6,,dictation:lightning,A flash of lightning lit up the sky.,,lightning,,,
Spelling test sentence,english,SATs spelling,6,,dictation:marvellous,We had a marvellous day at the seaside.,,marvellous,,,
Spelling test sentence,english,SATs spelling,6,,dictation:mischievous,The mischievous puppy chewed my slipper.,,mischievous,,,
Spelling test sentence,english,SATs spelling,6,,dictation:muscle,Your heart is a muscle.,,muscle,,,
Spelling test sentence,english,SATs spelling,6,,dictation:necessary,Is it necessary to bring a coat?,,necessary,,,
Spelling test sentence,english,SATs spelling,6,,dictation:neighbour,Our neighbour feeds our cat when we are away.,,neighbour,,,
Spelling test sentence,english,SATs spelling,6,,dictation:nuisance,The buzzing fly was a nuisance.,,nuisance,,,
Spelling test sentence,english,SATs spelling,6,,dictation:occupy,Puzzles occupy my little brother for hours.,,occupy,,,
Spelling test sentence,english,SATs spelling,6,,dictation:occur,Earthquakes rarely occur in Britain.,,occur,,,
Spelling test sentence,english,SATs spelling,6,,dictation:opportunity,This trip is a great opportunity to learn.,,opportunity,,,
Spelling test sentence,english,SATs spelling,6,,dictation:parliament,Laws are made in Parliament.,,parliament,,,
Spelling test sentence,english,SATs spelling,6,,dictation:persuade,Can I persuade you to join the team?,,persuade,,,
Spelling test sentence,english,SATs spelling,6,,dictation:physical,Swimming is good physical exercise.,,physical,,,
Spelling test sentence,english,SATs spelling,6,,dictation:prejudice,"We should treat everyone fairly, without prejudice.",,prejudice,,,
Spelling test sentence,english,SATs spelling,6,,dictation:privilege,It was a privilege to meet the author.,,privilege,,,
Spelling test sentence,english,SATs spelling,6,,dictation:profession,Teaching is a rewarding profession.,,profession,,,
Spelling test sentence,english,SATs spelling,6,,dictation:programme,My favourite programme is on tonight.,,programme,,,
Spelling test sentence,english,SATs spelling,6,,dictation:pronunciation,Check the pronunciation of the French words.,,pronunciation,,,
Spelling test sentence,english,SATs spelling,6,,dictation:queue,We waited in a long queue for the ride.,,queue,,,
Spelling test sentence,english,SATs spelling,6,,dictation:recognise,I didn't recognise you with your new haircut.,,recognise,,,
Spelling test sentence,english,SATs spelling,6,,dictation:recommend,I recommend this book to everyone.,,recommend,,,
Spelling test sentence,english,SATs spelling,6,,dictation:relevant,Only include facts that are relevant.,,relevant,,,
Spelling test sentence,english,SATs spelling,6,,dictation:restaurant,We went to a restaurant for Mum's birthday.,,restaurant,,,
Spelling test sentence,english,SATs spelling,6,,dictation:rhyme,"""Cat"" and ""hat"" rhyme.",,rhyme,,,
Spelling test sentence,english,SATs spelling,6,,dictation:rhythm,Clap your hands to the rhythm of the song.,,rhythm,,,
Spelling test sentence,english,SATs spelling,6,,dictation:sacrifice,Giving up his seat was a small sacrifice.,,sacrifice,,,
Spelling test sentence,english,SATs spelling,6,,dictation:secretary,The school secretary answered the phone.,,secretary,,,
Spelling test sentence,english,SATs spelling,6,,dictation:shoulder,She carried the bag on her shoulder.,,shoulder,,,
Spelling test sentence,english,SATs spelling,6,,dictation:signature,Please write your signature at the bottom.,,signature,,,
Spelling test sentence,english,SATs spelling,6,,dictation:sincerely,I sincerely hope you feel better soon.,,sincerely,,,
Spelling test sentence,english,SATs spelling,6,,dictation:soldier,The soldier stood guard at the gate.,,soldier,,,
Spelling test sentence,english,SATs spelling,6,,dictation:stomach,My stomach was rumbling before lunch.,,stomach,,,
Spelling test sentence,english,SATs spelling,6,,dictation:sufficient,Is there sufficient food for everyone?,,sufficient,,,
Spelling test sentence,english,SATs spelling,6,,dictation:suggest,I suggest we leave early to miss the traffic.,,suggest,,,
Spelling test sentence,english,SATs spelling,6,,dictation:symbol,The heart is a symbol of love.,,symbol,,,
Spelling test sentence,english,SATs spelling,6,,dictation:system,The solar system has eight planets.,,system,,,
Spelling test sentence,english,SATs spelling,6,,dictation:temperature,The temperature dropped below freezing.,,temperature,,,
Spelling test sentence,english,SATs spelling,6,,dictation:thorough,Give your room a thorough clean.,,thorough,,,
Spelling test sentence,english,SATs spelling,6,,dictation:twelfth,My birthday is on the twelfth of May.,,twelfth,,,
Spelling test sentence,english,SATs spelling,6,,dictation:variety,The shop sells a variety of sweets.,,variety,,,
Spelling test sentence,english,SATs spelling,6,,dictation:vegetable,A carrot is a vegetable.,,vegetable,,,
Spelling test sentence,english,SATs spelling,6,,dictation:vehicle,A tractor is a farm vehicle.,,vehicle,,,
Spelling test sentence,english,SATs spelling,6,,dictation:yacht,The yacht sailed across the bay.,,yacht,,,
Mistake explanation,,,,,count-direction,"It looks like you went the wrong way. ""After"" means one more (count up). ""Before"" means one less (count down).",,,"Shown to parents as: Mixes up ""before"" and ""after""",,
Mistake explanation,,,,,add-no-carry,"It looks like the ones made 10 or more, but nothing was carried. When a column adds to 10 or more, write the ones digit and carry the 1 to the next column.",,,Shown to parents as: Forgets to carry when adding,,
Mistake explanation,,,,,sub-smaller-from-larger,"It looks like you took the smaller digit away from the bigger one in a column, even though the bigger one was on the bottom. Always take the bottom digit away from the top. If the top digit is smaller, exchange 1 ten for 10 ones first.",,,Shown to parents as: Takes the smaller digit from the larger in each column,,
Mistake explanation,,,,,sub-borrow-no-decrement,"It looks like you exchanged a ten but didn't take it away from the tens column. When you exchange 1 ten for 10 ones, cross out the tens digit and make it one less.",,,Shown to parents as: Exchanges but forgets to reduce the next column,,
Mistake explanation,,,,,round-direction,"It looks like you rounded the wrong way. Look at the digit just after the place you are rounding to: 5 or more rounds up, 4 or less rounds down.",,,Shown to parents as: Rounds the wrong way,,
Mistake explanation,,,,,digit-not-value,"You gave the digit, but the question asks what it is worth. A digit's value depends on its place: the 7 in 4,732 is worth 700.",,,Shown to parents as: Gives the digit instead of its value,,
Mistake explanation,,,,,mult-added,"It looks like you added the numbers instead of multiplying. × means ""groups of"". 6 × 4 is 6 groups of 4, which is 24, not 10.",,,Shown to parents as: Adds instead of multiplying,,
Mistake explanation,,,,,fraction-unit-only,"You found one part correctly, but the question asks for more than one part. Divide by the bottom number to find one part, then multiply by the top number.",,,Shown to parents as: Finds one part but forgets to multiply by the numerator,,
Mistake explanation,,,,,frac-add-across,"It looks like you added the tops and also added the bottoms. Only add the tops. The bottom number is the size of the pieces, and it must be the same before you add.",,,Shown to parents as: Adds the numerators and the denominators,,
Mistake explanation,,,,,frac-div-multiplied,It looks like you multiplied instead of dividing. Dividing a fraction by a whole number makes it smaller: multiply the bottom number instead.,,,Shown to parents as: Multiplies instead of dividing a fraction,,
Mistake explanation,,,,,not-simplest,"Your answer is the right size, but it isn't in its simplest form. Divide the top and bottom by their highest common factor until nothing else divides both.",,,Shown to parents as: Doesn't simplify fractions,,
Mistake explanation,,,,,neg-sign,"The number part is right, but the sign (+ or −) is wrong. Picture a number line. If you end up below zero, the answer is negative.",,,Shown to parents as: Gets the sign wrong with negative numbers,,
Mistake explanation,,,,,neg-ignore-sign,"It looks like you treated the negative number as positive. A negative number is below zero. Count to zero first, then carry on past it.",,,Shown to parents as: Ignores the minus sign,,
Mistake explanation,,,,,prime-odd,"That number is odd, but it isn't prime. A prime has exactly two factors. 9 is odd but 3 × 3 = 9, so it isn't prime.",,,Shown to parents as: Thinks all odd numbers are prime,,
Mistake explanation,,,,,hcf-lcm-mixup,It looks like you found the other one: factor and multiple got swapped. A factor divides INTO the number (it's smaller or equal). A multiple is in its times table (bigger or equal).,,,Shown to parents as: Mixes up highest common factor and lowest common multiple,,
Mistake explanation,,,,,lcm-product,"Multiplying the numbers gives a common multiple, but not always the lowest one. List the multiples of each number and find the first one they share.",,,Shown to parents as: Always multiplies to find the lowest common multiple,,
Mistake explanation,,,,,order-left-to-right,"It looks like you worked from left to right. Do brackets first, then × and ÷, then + and −.",,,Shown to parents as: Works left to right instead of using the order of operations,,
Mistake explanation,,,,,order-ignore-brackets,It looks like the brackets weren't done first. Always work out the part inside brackets before anything else.,,,Shown to parents as: Ignores brackets,,
Mistake explanation,,,,,long-mult-place-value,"It looks like the tens digit was multiplied as if it were ones. When you multiply by the tens digit, you are multiplying by tens: put a 0 in the ones column first.",,,Shown to parents as: Forgets the place-value zero in long multiplication,,
Mistake explanation,,,,,dec-wrong-direction,It looks like the digits moved the wrong way. Multiplying makes the number bigger (digits move left). Dividing makes it smaller (digits move right).,,,"Shown to parents as: Moves digits the wrong way when multiplying or dividing by 10, 100 or 1000",,
Mistake explanation,,,,,dec-add-zero,Adding a zero to the end of a decimal doesn't change its value. × 10 moves every digit one place to the left: 4.7 × 10 = 47.,,,"Shown to parents as: Thinks ""× 10"" means ""add a zero"" with decimals",,
Mistake explanation,,,,,dec-fraction-digits,"It looks like the top and bottom numbers were written as a decimal. A fraction is a division: 1/4 means 1 ÷ 4 = 0.25, not 1.4.",,,Shown to parents as: Writes a fraction's digits as a decimal,,
Mistake explanation,,,,,pct-divide,"It looks like you divided by the percentage number. Per cent means out of 100. Find 10% (÷ 10) or 1% (÷ 100) first, then build up.",,,Shown to parents as: Divides by the percentage,,
Mistake explanation,,,,,algebra-wrong-inverse,"It looks like you did the same operation instead of the opposite one. To undo + use −, to undo − use +, to undo × use ÷.",,,Shown to parents as: Uses the wrong inverse operation in equations,,
Mistake explanation,,,,,algebra-an-as-sum,It looks like 3n was read as 3 + n. A number written next to a letter means multiply: 3n means 3 × n.,,,"Shown to parents as: Reads ""3n"" as ""3 + n""",,
Mistake explanation,,,,,algebra-order,"It looks like the steps were undone in the wrong order. Undo the + or − first, then the × or ÷.",,,Shown to parents as: Undoes the steps of an equation in the wrong order,,
Mistake explanation,,,,,sequence-off-by-one,You added one step too many. From the 1st term to the 10th term there are only 9 steps.,,,Shown to parents as: Counts one step too many in sequences,,
Mistake explanation,,,,,angle-wrong-total,"It looks like the wrong total was used. Straight line = 180°, triangle = 180°, around a point or in a quadrilateral = 360°.",,,Shown to parents as: Uses the wrong angle total,,
Mistake explanation,,,,,area-no-half,That is the area of the rectangle around the triangle. A triangle is half of a rectangle: area = ½ × base × height.,,,Shown to parents as: Forgets to halve for the area of a triangle,,
Mistake explanation,,,,,area-halved,A parallelogram isn't half of anything: it has the same area as a rectangle. Area of a parallelogram = base × perpendicular height.,,,Shown to parents as: Halves the area of a parallelogram,,
Mistake explanation,,,,,radius-diameter,"It looks like radius and diameter got swapped. The diameter goes all the way across, so it is twice the radius.",,,Shown to parents as: Mixes up radius and diameter,,
Mistake explanation,,,,,mean-no-divide,That's the total. The mean shares it out equally. Mean = total ÷ how many numbers there are.,,,Shown to parents as: Forgets to divide when finding the mean,,
Mistake explanation,,,,,polygon-exterior,That is the angle outside the shape (the exterior angle). Interior angle = 180° − exterior angle. Or use (sides − 2) × 180 ÷ sides.,,,Shown to parents as: Gives the exterior angle instead of the interior angle,,
Mistake explanation,,,,,spell-ie-ei,"The ""i"" and ""e"" are the wrong way round. For the ""ee"" sound, it's i before e, except after c (receive). Learn the exceptions like seize and protein.",,,"Shown to parents as: Mixes up ""ie"" and ""ei""",,
Mistake explanation,,,,,spell-missed-double,"A double letter was written as a single one. Say the word slowly and look for the doubled letters, e.g. a-cc-o-mm-odate.",,,Shown to parents as: Misses double letters,,
Mistake explanation,,,,,spell-extra-double,A single letter was doubled. Check which letters are really doubled. Try writing it both ways and see which looks right.,,,Shown to parents as: Doubles letters that should be single,,
Mistake explanation,,,,,spell-missing-letter,"A letter is missing, often one you can't hear. Silent letters must still be written. Say the word ""as it's spelt"" to remember them: Wed-nes-day.",,,Shown to parents as: Leaves out letters (often silent ones),,
Mistake explanation,,,,,spell-extra-letter,There is an extra letter. Break the word into syllables and check each part.,,,Shown to parents as: Adds extra letters,,
Mistake explanation,,,,,spell-vowel-choice,A vowel is wrong in the part of the word you say quietly. Link it to a related word where you can hear the vowel: definite → finite.,,,Shown to parents as: Picks the wrong vowel in unstressed syllables,,
Mistake explanation,,,,,spell-letter-order,Two letters swapped places. Say each syllable slowly while you write it.,,,Shown to parents as: Swaps letters around,,
Mistake explanation,,,,,spell-phonetic,"That's how the word sounds, but not how it's spelt. Many words aren't spelt how they sound. Use look, say, cover, write, check.",,,Shown to parents as: Spells words the way they sound,,
Mistake explanation,,,,,spell-cious-tious,"-cious and -tious got mixed up. If the root ends in -ce (space → spacious), use -cious. Think of related words: caution → cautious.",,,Shown to parents as: Mixes up -cious and -tious,,
Mistake explanation,,,,,spell-cial-tial,"-cial and -tial got mixed up. -cial usually comes after a vowel (special), -tial after a consonant (partial).",,,Shown to parents as: Mixes up -cial and -tial,,
Mistake explanation,,,,,spell-able-ible,"-able and -ible got mixed up. If you can hear a whole word before the ending, it's usually -able (depend-able). If not, it's often -ible (poss-ible).",,,Shown to parents as: Mixes up -able and -ible,,
Mistake explanation,,,,,spell-ant-ent,"-ant and -ent (or -ance and -ence) got mixed up. A related -ation word means -ant/-ance (observation → observant). After a soft c or g, use -ent/-ence.",,,Shown to parents as: Mixes up -ant/-ance and -ent/-ence,,
Mistake explanation,,,,,spell-keep-e,"The ""e"" was dropped. Keep the ""e"" after c or g so they stay soft: notice → noticeable, change → changeable.",,,"Shown to parents as: Drops the ""e"" before -able",,
Mistake explanation,,,,,spell-fer-doubling,"The ""r"" rule for -fer words got mixed up. If ""fer"" is still stressed, double the r (preferred). If not, don't (preference).",,,"Shown to parents as: Doubles (or doesn't double) the ""r"" in -fer words",,
Mistake explanation,,,,,gr-past-is-passive,"That sentence is in the past tense, but it's still active. Passive needs ""was/were/got"" + a past participle, and the do-er moves to the end (or disappears).",,,Shown to parents as: Thinks any past-tense sentence is passive,,
Mistake explanation,,,,,gr-subjunctive-was,"""If I was"" is fine in chat, but formal writing uses the subjunctive. In formal writing, use ""If I were…"".",,,"Shown to parents as: Uses ""was"" instead of the subjunctive ""were""",,
Mistake explanation,,,,,gr-object-preposition,"That noun comes after a preposition (like ""over""), not straight after the verb. The object comes straight after the verb and is what the verb acts on.",,,Shown to parents as: Picks a noun after a preposition as the object,,
Mistake explanation,,,,,gr-subject-object-mixup,Subject and object got swapped. The subject DOES the verb. The object has the verb done TO it.,,,Shown to parents as: Mixes up subject and object,,
Mistake explanation,,,,,pu-comma-splice,"A comma on its own can't join two complete sentences. Use a full stop, a semi-colon, or a joining word like ""and"" or ""because"".",,,Shown to parents as: Joins two sentences with just a comma,,
Mistake explanation,,,,,pu-semicolon-subordinate,One side of the semi-colon can't stand on its own as a sentence. Both sides of a semi-colon must make sense as sentences on their own.,,,Shown to parents as: Uses a semi-colon after a clause that can't stand alone,,
Mistake explanation,,,,,pu-comma-meaning,"Without the comma, the sentence means something else! Use a comma before the name of the person you are talking to: ""Let's eat, Grandma!""",,,Shown to parents as: Misses commas that change the meaning,,
Mistake explanation,,,,,rd-not-in-text,"That sounds possible, but the text doesn't say it or hint at it. Find the words in the text that prove your answer. If you can't point to them, think again.",,,Shown to parents as: Picks answers the text doesn't say,,
Mistake explanation,,,,,rd-word-match,"That choice uses words from the text, but it doesn't answer this question. Read the question again. Find the part of the text it's about, then check your answer really fits.",,,Shown to parents as: Picks answers that just share words with the text,,
Mistake explanation,,,,,rd-everyday-meaning,"That's what the word usually means, but not here. Read the whole sentence around the word. What does it mean in this text?",,,Shown to parents as: Takes words literally or in their everyday meaning,,
Mistake explanation,,,,,rd-part-not-whole,"That's true, but it's only one part. A summary covers everything important. Check it fits the whole paragraph or text.",,,Shown to parents as: Summarises only part of the text,,
Mistake explanation,,,,,sci-sun-orbits-earth,"It looks like the Sun moves around us, but it's the Earth that spins. Earth spins once a day (day and night) and orbits the Sun once a year.",,,Shown to parents as: Thinks the Sun goes around the Earth,,
Mistake explanation,,,,,sci-seasons-distance,Distance to the Sun isn't what causes seasons. Seasons come from Earth's tilt: your half of the Earth leans towards the Sun in summer.,,,Shown to parents as: Thinks seasons come from distance to the Sun,,
Mistake explanation,,,,,sci-moon-own-light,"The Moon looks bright, but it doesn't make light. The Moon reflects sunlight. Only light sources, like the Sun, make their own light.",,,Shown to parents as: Thinks the Moon makes its own light,,
Mistake explanation,,,,,sci-eyes-send-light,"Our eyes don't send out light; they receive it. Light travels from a source, bounces off objects and goes INTO our eyes.",,,Shown to parents as: Thinks our eyes send out light,,
Mistake explanation,,,,,sci-shadow-size,"Moving closer to the light actually makes the shadow bigger. Closer to the light, the object blocks more of the spreading light, so the shadow grows.",,,Shown to parents as: Thinks shadows shrink as objects get nearer the light,,
Mistake explanation,,,,,sci-camel-water,"That's a very common idea, but it isn't true. The hump stores fat, which can be used for energy.",,,Shown to parents as: Thinks a camel's hump stores water,,
Mistake explanation,,,,,sci-lamarck,Stretching during your life doesn't change what you pass on. Natural selection: living things born with helpful features survive and pass them on.,,,Shown to parents as: Thinks features gained in life are passed on,,
Mistake explanation,,,,,sci-mammal-live-young,"Most mammals do, but not all: the platypus lays eggs. What all mammals share is feeding their young on milk.",,,Shown to parents as: Thinks all mammals give birth to live young,,
Mistake explanation,,,,,sci-whale-is-fish,"Living in water doesn't make an animal a fish. Whales breathe air and feed their young milk, so they are mammals.",,,Shown to parents as: Thinks animals that live in water are fish,,
Mistake explanation,,,,,sci-plants-breathe-in-oxygen,Plants give out oxygen when they make food. For photosynthesis plants take in carbon dioxide and give out oxygen.,,,Shown to parents as: Mixes up the gases plants take in and give out,,
Mistake explanation,,,,,sci-more-bulbs-brighter,"More bulbs share the same cell, so each one gets less. In a series circuit, adding bulbs makes each one dimmer. Adding cells makes them brighter.",,,Shown to parents as: Thinks more bulbs make a series circuit brighter,,
Mistake explanation,,,,,sci-series-break,"In a series circuit there is only one loop. If one bulb breaks, the loop is broken and all the bulbs go out.",,,Shown to parents as: Thinks other bulbs stay on when one breaks in series,,